1.238172017048407625e+00,-1.444025833307038376e+00,1.000000000000000000e+00
2.293302627171462049e+00,-5.368173265352625956e-01,0.000000000000000000e+00
-3.553319053302972375e+00,-3.108426777969990784e+00,0.000000000000000000e+00
-5.284394139541858104e-01,-3.723678323636157028e+00,0.000000000000000000e+00
-5.391357795330059544e-01,-2.548363098170038477e+00,0.000000000000000000e+00
-1.161890636533412957e+00,-3.718274492550562194e+00,0.000000000000000000e+00
2.435298120010727985e+00,-1.230147279505893865e+00,0.000000000000000000e+00
1.326672086666258688e+00,-1.604144572932139079e+00,0.000000000000000000e+00
-2.192671752875890334e+00,-3.837206130981650976e+00,0.000000000000000000e+00
-1.011998379706814388e+00,-1.786629106166209846e+00,0.000000000000000000e+00
-2.221258950071227645e+00,1.087520302036298903e+00,0.000000000000000000e+00
1.452490880717591526e-01,2.779530724161107802e+00,0.000000000000000000e+00
3.780003757166827683e+00,1.764965189825452363e+00,0.000000000000000000e+00
-8.084481002797627713e-01,1.625017938811154528e+00,1.000000000000000000e+00
1.625896399075964505e+00,3.251804881094664701e+00,0.000000000000000000e+00
8.129720719451866140e-01,-2.919323562147674522e+00,0.000000000000000000e+00
2.470481507579255442e+00,1.004296314890800401e+00,0.000000000000000000e+00
3.537850809252404805e+00,1.729851221844339371e+00,0.000000000000000000e+00
8.669131869179302896e-01,1.785944225562530407e+00,1.000000000000000000e+00
1.800086666245231060e+00,2.141069885500548331e+00,0.000000000000000000e+00
7.643700161145696725e-01,-2.673093180608818287e+00,0.000000000000000000e+00
2.604021237220716323e+00,-2.966920836736241185e+00,0.000000000000000000e+00
4.038501082650887142e-01,-1.911130699052371096e+00,1.000000000000000000e+00
-1.551239036256462978e+00,2.000031945997896354e+00,0.000000000000000000e+00
1.939180325760168744e+00,8.220653543607144842e-01,0.000000000000000000e+00
3.401063781639087402e+00,-9.789402357924980036e-01,0.000000000000000000e+00
-1.778891141616082860e+00,-3.689775336415634932e+00,0.000000000000000000e+00
-2.023192517142993196e+00,3.050994471273208664e+00,0.000000000000000000e+00
-6.235722818576554249e-02,-3.953415374877939925e+00,0.000000000000000000e+00
-2.906374351790823596e+00,2.204082200429511307e+00,0.000000000000000000e+00
7.533858622888106593e-01,2.862964729098252725e+00,0.000000000000000000e+00
-7.093107145607004949e-01,-2.431751720419842666e+00,0.000000000000000000e+00
1.101518860683206036e+00,-2.938496576892954959e+00,0.000000000000000000e+00
1.053580171689327161e+00,1.768968596184507858e+00,0.000000000000000000e+00
3.811488837972354826e+00,2.631932882768603488e+00,0.000000000000000000e+00
-6.859388605934281236e-01,3.516830961807956957e+00,0.000000000000000000e+00
-5.767559849032269925e-01,-2.737541160741932433e+00,0.000000000000000000e+00
3.992542002518778776e+00,-4.560553316622635855e-01,0.000000000000000000e+00
2.160263864346704921e+00,7.824429132493558869e-01,0.000000000000000000e+00
-6.326312198573347256e-01,2.822011895021518946e+00,0.000000000000000000e+00
-3.662270980141414611e+00,-2.112888095871664706e+00,0.000000000000000000e+00
3.305405219808084993e+00,-2.497368460096081044e+00,0.000000000000000000e+00
3.575056074609805457e+00,-3.002226126592136168e+00,0.000000000000000000e+00
3.256293518972284584e+00,3.849183266287490301e+00,0.000000000000000000e+00
-1.524084255354452022e+00,7.022010852519725566e-01,1.000000000000000000e+00
1.247727868823282904e-01,7.364343893830262999e-01,1.000000000000000000e+00
-3.119646802894116444e+00,-1.536781406061119126e+00,0.000000000000000000e+00
2.457788679983672342e+00,-3.495729531102837573e+00,0.000000000000000000e+00
-2.706363088998206212e+00,-3.219591885662433484e+00,0.000000000000000000e+00
1.996366169106272181e+00,-4.040238841003862547e-02,1.000000000000000000e+00
-4.616662435128603970e-01,-2.600367930922137472e+00,0.000000000000000000e+00
-9.916488668759220193e-01,8.505979962142740103e-01,1.000000000000000000e+00
3.204581568293392912e+00,-2.828126128402151718e+00,0.000000000000000000e+00
-2.838575691996776840e+00,-5.076715112263086027e-01,0.000000000000000000e+00
-3.019879408421047184e+00,3.034199628500946933e+00,0.000000000000000000e+00
3.117762454886499057e+00,1.131426277344346865e+00,0.000000000000000000e+00
-1.593240932353723549e+00,3.586688783202755637e+00,0.000000000000000000e+00
-3.504979910125205045e+00,-3.561026001421810694e+00,0.000000000000000000e+00
3.961331500842328879e+00,-2.907156280499231915e+00,0.000000000000000000e+00
3.168373908922060167e+00,-2.947610042204770853e+00,0.000000000000000000e+00
-1.363107830608629722e+00,1.112469181051169320e+00,1.000000000000000000e+00
-2.008701380064900732e+00,2.536465739185739920e+00,0.000000000000000000e+00
2.074447927938666059e+00,3.684906984133526908e+00,0.000000000000000000e+00
-1.128647138437120390e+00,-3.421516016817862216e+00,0.000000000000000000e+00
-2.650578803732877908e+00,-8.793939329427198359e-01,0.000000000000000000e+00
1.129027279248731475e+00,-3.264533974475805067e+00,0.000000000000000000e+00
-9.455478488353351585e-01,3.635000618600852995e+00,0.000000000000000000e+00
-1.845579649100712816e+00,-3.878988053452984364e+00,0.000000000000000000e+00
-2.416035944095837440e+00,-8.801394961803780115e-01,0.000000000000000000e+00
-3.414000141424246570e-01,9.162755239927244943e-01,1.000000000000000000e+00
-1.591441114075684782e+00,1.182565194078737392e+00,1.000000000000000000e+00
-2.758991468140105319e+00,-2.811461193549467996e+00,0.000000000000000000e+00
-1.792330933445996699e+00,3.161165914702463997e+00,0.000000000000000000e+00
-7.839206235964180092e-01,1.564962442959593858e+00,1.000000000000000000e+00
2.562665437867138074e+00,-1.662453239530864213e+00,0.000000000000000000e+00
-2.930303266015378050e+00,-2.404072278617368053e+00,0.000000000000000000e+00
-3.879971912838385606e+00,-3.500716054926251708e+00,0.000000000000000000e+00
-3.822088445326969453e+00,2.918993687287782191e+00,0.000000000000000000e+00
3.774457117849215670e+00,2.475669275711613437e+00,0.000000000000000000e+00
-2.775279323678260801e-01,-1.472753658374416519e+00,1.000000000000000000e+00
-2.997379465499520723e+00,3.333560995629555102e+00,0.000000000000000000e+00
-1.647298478433328217e+00,-3.928575995304254942e+00,0.000000000000000000e+00
1.637858481917168874e+00,2.513926967682357017e+00,0.000000000000000000e+00
2.136582385405519702e+00,-2.882403227270480262e+00,0.000000000000000000e+00
-3.410994488195085328e+00,2.899989447519447427e+00,0.000000000000000000e+00
3.414217896406954722e+00,-6.409952380119809945e-02,0.000000000000000000e+00
-1.241083613225718141e+00,-4.497862222965466894e-01,1.000000000000000000e+00
-5.582519302411483864e-01,-1.061589873455520833e-01,1.000000000000000000e+00
3.371833973481838331e+00,-3.214204979599679657e+00,0.000000000000000000e+00
-2.276981179685111822e+00,3.796485902462175765e+00,0.000000000000000000e+00
-3.338490187509958407e+00,-2.755864549563758814e+00,0.000000000000000000e+00
-1.676122239278926784e+00,7.649901993734554706e-01,1.000000000000000000e+00
-3.845091287920650913e+00,-1.160818317388151888e+00,0.000000000000000000e+00
3.701744301866136233e+00,2.166825593415902862e+00,0.000000000000000000e+00
-3.621985740712501567e+00,-3.471919662743942481e-01,0.000000000000000000e+00
3.949993796431209292e-01,-1.129987490215574653e+00,1.000000000000000000e+00
-1.298974454516047851e-02,-1.518609503837018204e+00,1.000000000000000000e+00
1.012705711800116148e+00,6.218835908295883286e-01,1.000000000000000000e+00
-1.218374006542097265e-01,3.323067055921639312e+00,0.000000000000000000e+00
3.087156437244074958e+00,3.797210754429869439e-02,0.000000000000000000e+00
2.568339488256921932e+00,-1.953248390292663395e-01,0.000000000000000000e+00
-3.905905802581467690e+00,2.728346670771201854e+00,0.000000000000000000e+00
-3.722942050849745499e+00,1.212191938046602413e+00,0.000000000000000000e+00
1.383813415517134660e+00,-4.229632734878739364e-01,1.000000000000000000e+00
-1.978030451779990262e+00,-3.033643382611857842e+00,0.000000000000000000e+00
-2.163437904697624425e+00,-6.299139273322096333e-01,0.000000000000000000e+00
-2.672310629765398016e+00,-3.946968022441948776e+00,0.000000000000000000e+00
-3.085181998145965387e+00,2.022907711184548152e+00,0.000000000000000000e+00
2.652097893439711918e+00,2.632362792526107498e+00,0.000000000000000000e+00
-1.444903247451109207e+00,2.326267927425104798e+00,0.000000000000000000e+00
9.799679592003950335e-01,1.282000282412986136e+00,1.000000000000000000e+00
1.480167359672447169e+00,-3.943761040530357476e-01,1.000000000000000000e+00
3.217728494056555810e+00,1.122956305043098624e+00,0.000000000000000000e+00
1.658510574892076761e+00,-1.946825755482241238e+00,0.000000000000000000e+00
1.817761646177912915e+00,-1.960929849163899785e+00,0.000000000000000000e+00
-3.625102563462059724e+00,3.593979073667488144e+00,0.000000000000000000e+00
-4.947373394124857660e-01,2.668477535540053402e+00,0.000000000000000000e+00
-2.872994342992094108e+00,-2.862141834648626482e+00,0.000000000000000000e+00
3.242166845431999622e+00,-2.896326660141300469e+00,0.000000000000000000e+00
-2.082375026623854986e+00,9.571495219732135684e-01,0.000000000000000000e+00
-3.323517211903977309e+00,3.243703072851637170e+00,0.000000000000000000e+00
-1.684407234957272292e+00,2.032419108282826681e+00,0.000000000000000000e+00
2.336240026185738561e+00,-1.004792025030767366e+00,0.000000000000000000e+00
3.761624939870761519e+00,1.236196569021272396e+00,0.000000000000000000e+00
3.034968108210066351e+00,1.936130141865936238e+00,0.000000000000000000e+00
-6.820015153990102719e-02,-1.119596867076768643e+00,1.000000000000000000e+00
-2.495667240040115864e+00,2.852032444880940432e+00,0.000000000000000000e+00
-1.775580530946959446e+00,-3.368733697578506270e+00,0.000000000000000000e+00
-3.404019132395868841e+00,1.029964741990317290e+00,0.000000000000000000e+00
3.975730170629918181e+00,-3.919616014435726381e+00,0.000000000000000000e+00
1.041048869477639721e-01,-3.520766157554091169e+00,0.000000000000000000e+00
2.493918203785544740e+00,9.486225270066787063e-01,0.000000000000000000e+00
2.212440659340112248e+00,-1.989139565650986929e+00,0.000000000000000000e+00
2.398433121632895570e+00,-7.117706411864287430e-01,0.000000000000000000e+00
-2.129592299345931750e+00,2.889498117302129465e-01,0.000000000000000000e+00
7.139765640252148104e-01,-3.047865720177118654e+00,0.000000000000000000e+00
3.904311619964558666e+00,2.873022026278247765e+00,0.000000000000000000e+00
-3.153924250827179865e+00,-1.722653687353510099e+00,0.000000000000000000e+00
7.996479412661410269e-01,3.136206223034661456e+00,0.000000000000000000e+00
-2.004769933745117694e+00,3.817193348475668713e-01,0.000000000000000000e+00
1.500398089236899102e+00,-2.384896190878793121e+00,0.000000000000000000e+00
1.457276764650033307e+00,8.114909628822467580e-01,1.000000000000000000e+00
-3.880683945141319313e+00,2.236484815288477979e+00,0.000000000000000000e+00
-3.934194605610961126e+00,3.421616078813884965e+00,0.000000000000000000e+00
-8.812802639718336772e-01,6.122130371357689116e-01,1.000000000000000000e+00
3.149266126058225979e+00,-3.781243941654475194e-01,0.000000000000000000e+00
1.702980915063519340e+00,8.052696849271354651e-01,1.000000000000000000e+00
2.919560926405340595e+00,-3.379438731527149020e+00,0.000000000000000000e+00
-2.202961447910413817e+00,2.464100672016368510e+00,0.000000000000000000e+00
2.775192252739605348e+00,-3.407990328771298483e+00,0.000000000000000000e+00
8.639966812999518853e-01,-3.794186290825925401e+00,0.000000000000000000e+00
3.436145817015352044e+00,2.677769063065794430e+00,0.000000000000000000e+00
-3.446512520753363340e+00,-2.514599609036355155e+00,0.000000000000000000e+00
3.785426190916764355e+00,3.073486009826952525e+00,0.000000000000000000e+00
-1.485383412009124715e+00,2.921236928104360864e+00,0.000000000000000000e+00
4.551978791539486591e-01,3.197917946667351519e+00,0.000000000000000000e+00
2.971732965941331628e+00,3.368655736613543339e-01,0.000000000000000000e+00
-2.659760246274916806e+00,-3.232141992890518178e+00,0.000000000000000000e+00
3.848320562475754159e+00,-8.140351209134069066e-01,0.000000000000000000e+00
1.140953377884722286e+00,2.413093446937013553e+00,0.000000000000000000e+00
6.362003718825831600e-02,3.013985995095854520e+00,0.000000000000000000e+00
2.678037872675713693e+00,-2.349609000084888599e+00,0.000000000000000000e+00
-3.310065364670423005e+00,-4.763143948926473747e-01,0.000000000000000000e+00
-2.415876512077009597e+00,-2.010236847898933199e+00,0.000000000000000000e+00
3.066559323082391764e+00,-1.151192407504106452e+00,0.000000000000000000e+00
-2.264244267284943657e+00,-1.689986583611557291e+00,0.000000000000000000e+00
-1.508685732618854525e+00,1.413913600450833918e+00,0.000000000000000000e+00
2.125184155062793678e-01,4.791155732129555589e-01,1.000000000000000000e+00
-2.095433231444904010e+00,-1.853435274929147614e+00,0.000000000000000000e+00
2.815913828864891499e+00,-2.284565269591468883e+00,0.000000000000000000e+00
2.082071342904593614e+00,-3.774891937143395548e+00,0.000000000000000000e+00
-2.087090258279576394e-01,3.950751878645224036e+00,0.000000000000000000e+00
2.370356160170005999e-01,6.576359759351522172e-01,1.000000000000000000e+00
-2.981193355568551029e-01,-5.305542693992326697e-01,1.000000000000000000e+00
-1.385050896725636527e+00,-3.559411462878181442e+00,0.000000000000000000e+00
1.127005390253328798e+00,2.196577059460717685e+00,0.000000000000000000e+00
2.550787800953490780e+00,1.676400277836640251e+00,0.000000000000000000e+00
-2.375121203642138745e+00,-1.794576976667133561e+00,0.000000000000000000e+00
-1.635759083166771433e+00,3.878488703895995204e+00,0.000000000000000000e+00
-1.023634654669437927e+00,2.618173816925398967e+00,0.000000000000000000e+00
2.333551081915909986e+00,2.294287401121038350e+00,0.000000000000000000e+00
1.293721061975088737e+00,3.309522472641343693e+00,0.000000000000000000e+00
2.404796916873300106e+00,-1.583493598672579550e+00,0.000000000000000000e+00
3.110432685363088368e+00,2.098585687216809603e+00,0.000000000000000000e+00
-1.812298893813122147e+00,1.893140536773717963e+00,0.000000000000000000e+00
-1.807383614603904398e+00,2.117789804204226911e+00,0.000000000000000000e+00
-3.198040037856022533e+00,2.123498893015861810e+00,0.000000000000000000e+00
-1.096662515973078511e+00,-1.155719160230026965e+00,1.000000000000000000e+00
-2.961771897966940070e+00,2.825798722849156341e+00,0.000000000000000000e+00
1.083529322790819371e+00,-3.299587645309358663e+00,0.000000000000000000e+00
1.788859765178871131e+00,2.981633199010770063e+00,0.000000000000000000e+00
-2.636049158889006261e+00,-4.255197083402287306e-01,0.000000000000000000e+00
2.007299275962194152e+00,-1.191373938238262209e+00,0.000000000000000000e+00
-2.076204410060294325e+00,3.095242540607782811e+00,0.000000000000000000e+00
2.298335471977534183e+00,2.556207543201976407e+00,0.000000000000000000e+00
-1.257752188278219441e+00,-1.757280307347849568e+00,0.000000000000000000e+00
-1.474928392147583311e+00,3.666174807606817687e+00,0.000000000000000000e+00
-1.513168210710275741e+00,-1.714232778537106094e+00,0.000000000000000000e+00
-3.896427762133835682e+00,-1.041130515398738021e+00,0.000000000000000000e+00
-2.153592309851939390e+00,-3.893530702151636991e+00,0.000000000000000000e+00
1.889424557897545931e+00,-3.068252261226294131e+00,0.000000000000000000e+00
-2.518927092748623142e+00,-1.363479711871051325e+00,0.000000000000000000e+00
3.421245347790454083e+00,2.502992245030236429e+00,0.000000000000000000e+00
2.893988902489471826e+00,2.745191663905947710e+00,0.000000000000000000e+00
-3.246229948041461810e+00,7.751250854126362499e-01,0.000000000000000000e+00
-2.126888402662877375e+00,-1.544029298158978269e+00,0.000000000000000000e+00
3.871550796318831367e+00,-9.050481776237049303e-01,0.000000000000000000e+00
-2.846702435370230155e+00,1.904437620438393652e-01,0.000000000000000000e+00
7.394829194798545613e-01,-5.035967574928496004e-01,1.000000000000000000e+00
-1.872706802326259856e+00,2.893563832404333347e+00,0.000000000000000000e+00
-9.527604026364613343e-01,-1.385233762018244885e+00,1.000000000000000000e+00
-3.169956624274346879e+00,3.265958476704405644e+00,0.000000000000000000e+00
2.749681517794545282e+00,1.385474230039558163e+00,0.000000000000000000e+00
-2.938390082293309558e+00,-1.510178414623230880e+00,0.000000000000000000e+00
2.452006583933883099e-01,3.132083381078140771e+00,0.000000000000000000e+00
-1.460330707474294165e+00,-2.874270170673606906e+00,0.000000000000000000e+00
3.156743557430914393e-01,-1.262188854457089171e-01,1.000000000000000000e+00
5.335323842296224583e-01,-7.578892290146576061e-01,1.000000000000000000e+00
6.932819744920333260e-01,3.289745140423633529e+00,0.000000000000000000e+00
1.373011608668951888e+00,2.248032161774712101e+00,0.000000000000000000e+00
5.716821717619989807e-01,2.591784415650712603e+00,0.000000000000000000e+00
-6.250861275097501224e-01,-1.264327027099557688e+00,1.000000000000000000e+00
-2.695577907702576770e+00,-1.156121693240590442e-01,0.000000000000000000e+00
-6.599794013308551976e-01,-1.258679620156316403e+00,1.000000000000000000e+00
9.224130274710438115e-01,2.132429811286997268e+00,0.000000000000000000e+00
-3.220606285322933360e+00,2.696844695582170992e+00,0.000000000000000000e+00
-2.257343889225005729e+00,1.250868811856084895e+00,0.000000000000000000e+00
1.244039536236347443e+00,-2.396613961407377147e+00,0.000000000000000000e+00
6.301865673260893530e-01,-4.112843770903226726e-01,1.000000000000000000e+00
3.044466635807277832e+00,-2.052695342829799152e+00,0.000000000000000000e+00
3.349298934900052926e-01,-1.076883339084036884e+00,1.000000000000000000e+00
1.209893606091542839e+00,3.630506503362825654e+00,0.000000000000000000e+00
-2.462866296145229880e-02,1.277296878304472472e+00,1.000000000000000000e+00
1.594213535445405672e+00,2.609625729786393400e+00,0.000000000000000000e+00
3.143504956774864301e+00,3.833593211840411907e+00,0.000000000000000000e+00
2.151733702386672498e+00,-3.710351664882465705e+00,0.000000000000000000e+00
-1.630635029833563010e+00,-3.196245161502743848e+00,0.000000000000000000e+00
8.045038232892007812e-01,2.425464281964163860e+00,0.000000000000000000e+00
3.063011861212530107e-01,-1.838367644715726001e-01,1.000000000000000000e+00
2.762084414520196152e+00,-9.885708292824801902e-01,0.000000000000000000e+00
-2.345238044112942788e+00,-1.086581865346224252e+00,0.000000000000000000e+00
3.591389346750337275e+00,-3.189872559081581294e+00,0.000000000000000000e+00
-1.570895336349256599e+00,1.157976920887813899e+00,1.000000000000000000e+00
-1.528385706843856440e+00,7.159848633642001969e-01,1.000000000000000000e+00
1.384702769706265046e+00,2.353615785568048402e+00,0.000000000000000000e+00
-3.056612472225257893e+00,3.359572668122665640e-01,0.000000000000000000e+00
-1.053657244924587788e+00,1.698564892109878821e+00,1.000000000000000000e+00
-3.499537660053598565e+00,-2.471548910678332600e+00,0.000000000000000000e+00
2.618053800141048271e+00,-3.408547713484741948e+00,0.000000000000000000e+00
-1.254470904415261101e+00,1.247498233072386498e+00,1.000000000000000000e+00
-3.692492007463880732e+00,-2.003701218026770758e-01,0.000000000000000000e+00
7.874673959574570725e-01,-3.785787803962171072e+00,0.000000000000000000e+00
-2.283602026670561003e+00,4.243393277113389761e-01,0.000000000000000000e+00
9.646943027428697137e-01,2.306168670259587827e+00,0.000000000000000000e+00
-3.302439671198489357e+00,3.180098896166158706e+00,0.000000000000000000e+00
-3.742683198962352797e+00,1.371232711134100279e+00,0.000000000000000000e+00
-3.043047692426084638e-01,-3.801166540301521124e+00,0.000000000000000000e+00
1.829286060265892466e+00,-1.319710945188306450e+00,0.000000000000000000e+00
1.204125762428797097e+00,2.147965373245682486e+00,0.000000000000000000e+00
-1.837820313068808664e+00,2.094408084547859872e+00,0.000000000000000000e+00
2.022754823909051591e+00,1.228904086388451056e+00,0.000000000000000000e+00
-8.023900409085729102e-01,-3.585010198485560462e+00,0.000000000000000000e+00
3.050458464737783260e+00,3.856463593300820669e+00,0.000000000000000000e+00
-3.213930224473626307e+00,7.481877548386743904e-01,0.000000000000000000e+00
3.330520672794110126e+00,-3.841466731049893557e+00,0.000000000000000000e+00
2.878448897043372590e+00,-2.520493939413497309e-01,0.000000000000000000e+00
-2.176249913989248164e+00,1.359903682857718010e+00,0.000000000000000000e+00
3.478676769454970064e+00,2.366143758875779213e+00,0.000000000000000000e+00
-1.417727907365158746e+00,-2.769002501137814765e+00,0.000000000000000000e+00
6.403326281800599817e-01,3.284903199496274073e+00,0.000000000000000000e+00
6.081101820542692549e-01,2.261831159848038730e+00,0.000000000000000000e+00
3.506669435001490420e+00,6.455667816244599067e-01,0.000000000000000000e+00
2.807965691546347564e+00,-3.061527554932687245e+00,0.000000000000000000e+00
-3.308584341709555066e-01,-3.675501194555420348e+00,0.000000000000000000e+00
2.238510400513956888e+00,1.726465077683709604e+00,0.000000000000000000e+00
4.452796452860725007e-01,-3.992465344938002758e+00,0.000000000000000000e+00
4.174049445307892459e-01,-2.747925301814702070e+00,0.000000000000000000e+00
5.966010981823702819e-01,2.785958193442092501e+00,0.000000000000000000e+00
8.200443045801991682e-02,-8.897299236950669821e-01,1.000000000000000000e+00
-2.867867944703343053e+00,-2.435421169676865727e+00,0.000000000000000000e+00
3.156528565667323871e+00,3.030903307245027101e+00,0.000000000000000000e+00
-3.734402032945984828e+00,-3.583895712193106320e+00,0.000000000000000000e+00
-5.008425057531609159e-01,3.299302514945609666e+00,0.000000000000000000e+00
-2.296831917230113262e-01,-3.133314296740565830e-01,1.000000000000000000e+00
-3.125407284837954158e+00,-4.391961175735152878e-01,0.000000000000000000e+00
-3.035797321227831080e+00,1.530322464740572874e+00,0.000000000000000000e+00
1.331886180157981769e+00,-3.178491060427135473e+00,0.000000000000000000e+00
1.516839040976834418e+00,-1.254307919787676973e+00,1.000000000000000000e+00
-1.009915867511598231e-01,-3.849504915781552405e+00,0.000000000000000000e+00
-1.374000747427787550e+00,1.835469187163531579e+00,0.000000000000000000e+00
-8.382458278241381455e-01,-1.977869169661509163e+00,0.000000000000000000e+00
-3.971904845324855771e+00,-6.157408787165090658e-01,0.000000000000000000e+00
-1.313241832703915701e+00,1.224809055057988760e-01,1.000000000000000000e+00
2.055888793030071771e+00,3.900560866430626383e+00,0.000000000000000000e+00
-3.747837149433887127e+00,-3.746538035467349648e+00,0.000000000000000000e+00
-1.926069338496464667e+00,5.916472800199796822e-01,0.000000000000000000e+00
-2.307470857690845811e+00,8.929292280792119896e-02,0.000000000000000000e+00
-2.681991903542929823e+00,2.369473806828735096e+00,0.000000000000000000e+00
-2.801924290574369980e+00,3.782932048141131709e+00,0.000000000000000000e+00
1.623888017566310404e+00,2.056529922812297073e+00,0.000000000000000000e+00
2.638274934756996259e+00,-3.701219373613260810e+00,0.000000000000000000e+00
-3.610120005818945987e+00,-2.254871333594426375e+00,0.000000000000000000e+00
6.364043152623127808e-01,-3.507432137639301839e+00,0.000000000000000000e+00
1.836744382883743754e+00,-1.899586247563352259e+00,0.000000000000000000e+00
3.267486843905108018e-01,-4.000439746351057146e-01,1.000000000000000000e+00
2.510016375220650353e+00,-1.243419602996531870e+00,0.000000000000000000e+00
1.538769093476449967e+00,-1.332770754584599482e+00,0.000000000000000000e+00
-7.157286014276786901e-01,-1.109281953717439873e+00,1.000000000000000000e+00
-3.701922451410667669e+00,-2.216529885351684825e+00,0.000000000000000000e+00
-3.319068733294094908e+00,2.731967254442236870e-01,0.000000000000000000e+00
-7.692154790297860423e-01,-1.215869292696651449e+00,1.000000000000000000e+00
3.946358866645014896e+00,3.695938781010537078e+00,0.000000000000000000e+00
-2.769471004830478478e+00,-2.327358860601780044e-01,0.000000000000000000e+00
-3.206515863418590850e+00,2.488770083789388021e+00,0.000000000000000000e+00
5.503042688817120220e-01,8.756417658993864706e-01,1.000000000000000000e+00
-3.601552525016635364e+00,3.913173847056166554e+00,0.000000000000000000e+00
3.424753157897362232e+00,1.934679011248555902e+00,0.000000000000000000e+00
-3.571072985869852445e+00,1.959954286941478552e+00,0.000000000000000000e+00
1.481028099992966543e-02,1.669400625217051903e+00,1.000000000000000000e+00
3.827196229624240331e+00,-1.730261983225794387e+00,0.000000000000000000e+00
2.961887038996636967e+00,2.799383898224449219e+00,0.000000000000000000e+00
3.882347729286585114e+00,3.938011370491579566e+00,0.000000000000000000e+00
3.985750387728166810e+00,-2.291807085117178566e+00,0.000000000000000000e+00
2.706434711114721114e+00,-3.639146383206575130e-01,0.000000000000000000e+00
-3.516453358491291148e+00,-5.641452777936838414e-01,0.000000000000000000e+00
-3.492086371747250340e+00,-5.889917575829464180e-01,0.000000000000000000e+00
-1.609004009993106887e+00,9.624931818478612566e-01,1.000000000000000000e+00
-9.617144809475122180e-01,-8.528571990869568964e-01,1.000000000000000000e+00
7.732475083918179948e-01,-1.645169359464303538e+00,1.000000000000000000e+00
-1.651440444531362406e+00,-3.290612645364642042e+00,0.000000000000000000e+00
1.034499223233837029e+00,-1.795748044127076781e-03,1.000000000000000000e+00
-2.836153240620810090e-01,1.983797034262964942e+00,0.000000000000000000e+00
1.653781825438059849e+00,-1.939302410011298328e+00,0.000000000000000000e+00
-3.646575341313805119e+00,1.266519519204247629e-02,0.000000000000000000e+00
-1.664470695294105462e-01,-1.201183203502971253e+00,1.000000000000000000e+00
3.626338454120197952e+00,4.129612498494524275e-01,0.000000000000000000e+00
1.978361390652131346e-01,1.295150250863239982e+00,1.000000000000000000e+00
2.424681009768811180e+00,-3.275553524021068252e+00,0.000000000000000000e+00
-9.050290751198029060e-01,-3.252711222831210502e+00,0.000000000000000000e+00
2.979991666445508169e+00,-3.487877210117737548e+00,0.000000000000000000e+00
-1.329240918866056109e+00,-9.242256739548364575e-01,1.000000000000000000e+00
-3.100045864912075899e+00,-2.575736318435547290e+00,0.000000000000000000e+00
-3.762974532710895215e+00,-1.700932424572348500e+00,0.000000000000000000e+00
3.379400741731466873e+00,1.017726501842704856e+00,0.000000000000000000e+00
-3.565422940820461850e-01,3.923123273436170066e+00,0.000000000000000000e+00
-2.958229552411973384e-01,1.736790228699739203e+00,1.000000000000000000e+00
-1.995159714276746099e+00,2.389755918788204259e+00,0.000000000000000000e+00
2.169147635262023588e+00,-3.304897681057277659e+00,0.000000000000000000e+00
-3.143094562187198626e+00,-5.464885140175502753e-01,0.000000000000000000e+00
1.684149958987517515e+00,5.085818609089657327e-01,1.000000000000000000e+00
9.680066155317478271e-01,-3.976434199904565148e+00,0.000000000000000000e+00
2.820692805917964563e+00,1.846521182738258160e+00,0.000000000000000000e+00
-3.469142756745906997e+00,2.764555822277802388e+00,0.000000000000000000e+00
-5.115511252448187163e-01,-2.093034523041068518e+00,0.000000000000000000e+00
1.848183699807371738e+00,-1.220014525223624080e+00,0.000000000000000000e+00
-7.952177369276319796e-01,-3.662708126443687817e+00,0.000000000000000000e+00
-6.682728194484651718e-01,-1.490254831560138271e+00,1.000000000000000000e+00
-7.219031985384641859e-01,2.287778609226909232e+00,0.000000000000000000e+00
-3.254287079036725761e+00,3.451682020000869766e+00,0.000000000000000000e+00
2.941238262219350474e+00,1.886987603066740737e+00,0.000000000000000000e+00
-1.281403799612394145e+00,-1.425199997928782381e+00,1.000000000000000000e+00
7.469665938232049607e-01,2.570791105418546607e+00,0.000000000000000000e+00
2.157172805064202059e+00,-1.590263388478937001e+00,0.000000000000000000e+00
2.713936208166615849e+00,-1.301349678368068696e+00,0.000000000000000000e+00
-8.533505319447749482e-01,1.802814771870427712e+00,1.000000000000000000e+00
2.593122035247501955e+00,-1.502126445755098905e+00,0.000000000000000000e+00
1.656775508961514376e-01,1.163392753245107158e-01,1.000000000000000000e+00
-3.277000277931378380e-01,1.660842740478411406e+00,1.000000000000000000e+00
-6.722908237376233886e-01,-3.435850673778773512e+00,0.000000000000000000e+00
-9.256118983017617152e-01,-1.682802506733945380e+00,1.000000000000000000e+00
1.066412153457136247e+00,-2.850561690195981157e+00,0.000000000000000000e+00
1.556378253351694108e+00,2.223885233731539124e+00,0.000000000000000000e+00
9.338731490943603664e-01,1.716853306232081655e+00,1.000000000000000000e+00
-3.752698498535172789e+00,-2.018784922219162947e+00,0.000000000000000000e+00
2.229013609189774314e+00,-3.454568244087529383e+00,0.000000000000000000e+00
3.327126298201010357e+00,-3.969389930390194721e+00,0.000000000000000000e+00
2.249740977932630948e+00,7.536231603743530627e-01,0.000000000000000000e+00
1.444013606633492319e+00,3.530177386633853054e+00,0.000000000000000000e+00
3.645876853420934260e+00,5.478229162266359253e-01,0.000000000000000000e+00
3.858258457507307337e+00,1.496124270441250736e+00,0.000000000000000000e+00
-1.667534394049465352e+00,2.171189252587961249e+00,0.000000000000000000e+00
2.322613385552149357e+00,3.147448450064179504e+00,0.000000000000000000e+00
8.327452578394831662e-01,-5.559309494999579160e-01,1.000000000000000000e+00
-2.725951281542621896e+00,-2.806948170190714187e+00,0.000000000000000000e+00
-1.491283605908192422e+00,1.064655882480244564e+00,1.000000000000000000e+00
-1.150216153010832354e+00,-1.637787985375098732e-01,1.000000000000000000e+00
-1.344188965368176891e+00,4.715898800885532371e-01,1.000000000000000000e+00
-2.559467082640408453e+00,2.531422704018194025e+00,0.000000000000000000e+00
-2.230842974070168794e-01,-1.528173286711501211e+00,1.000000000000000000e+00
-2.060361664766190870e+00,-1.526962609749101807e+00,0.000000000000000000e+00
-1.094812987434802043e+00,5.296960732453828147e-01,1.000000000000000000e+00
3.902501483729825082e+00,1.572916078979250010e+00,0.000000000000000000e+00
1.689366875561529868e-01,-2.846703886798534366e+00,0.000000000000000000e+00
-2.224966216528419416e+00,-9.551535036907729537e-02,0.000000000000000000e+00
2.224921273919333864e-01,6.012467618601586850e-01,1.000000000000000000e+00
-3.595830425461241209e+00,2.998650259079767011e+00,0.000000000000000000e+00
-1.915825784721946201e+00,-2.190858375702027683e+00,0.000000000000000000e+00
-1.880886737574950229e-01,1.576790754468127886e+00,1.000000000000000000e+00
-2.609933355784526565e+00,-3.864097364428825898e+00,0.000000000000000000e+00
-1.428312478893909887e+00,2.076504940048612635e+00,0.000000000000000000e+00
1.743233519434335577e+00,8.467421930675210762e-01,1.000000000000000000e+00
-1.268161615687342758e+00,8.396202529461643804e-01,1.000000000000000000e+00
-2.533941945655526773e+00,-3.471435319589164070e+00,0.000000000000000000e+00
2.789396977626990015e+00,-2.355710804892330312e+00,0.000000000000000000e+00
3.634664281355143522e+00,-3.541611048137289774e+00,0.000000000000000000e+00
-1.402190441756384187e+00,1.393648401873431197e+00,1.000000000000000000e+00
3.832398404308181128e+00,-2.381479195957846073e+00,0.000000000000000000e+00
-7.996441866826789480e-02,-8.047634172709803302e-01,1.000000000000000000e+00
-3.070765374128479497e+00,2.334762635342535919e+00,0.000000000000000000e+00
-2.450189387883880410e-01,-3.169602751764442061e+00,0.000000000000000000e+00
-3.150974204815639279e+00,2.839251544217829437e+00,0.000000000000000000e+00
-3.912350700793052027e+00,1.695205855367711567e-01,0.000000000000000000e+00
2.499154093357061068e+00,3.339468653592524205e+00,0.000000000000000000e+00
-1.767271084383273738e+00,-3.242743054354107368e+00,0.000000000000000000e+00
3.670964322587108697e+00,3.485678405817437042e+00,0.000000000000000000e+00
1.674716682060952477e+00,3.995377907637521542e+00,0.000000000000000000e+00
-1.718549583265438940e+00,-3.886568877786035880e+00,0.000000000000000000e+00
1.611643946930389371e+00,2.845552618694765279e+00,0.000000000000000000e+00
-2.989383036095775381e+00,3.988746300203266371e-01,0.000000000000000000e+00
-5.240993471971785445e-01,-2.232543660778324224e+00,0.000000000000000000e+00
-2.571663620481762780e-01,2.710432130736965206e+00,0.000000000000000000e+00
2.124094613677560250e+00,-2.044823820060406749e+00,0.000000000000000000e+00
-2.356872047661118685e+00,-9.352124199614437750e-01,0.000000000000000000e+00
3.530707625471302791e+00,1.780490196632023014e+00,0.000000000000000000e+00
5.051669253198358689e-01,-6.954070197743748016e-01,1.000000000000000000e+00
1.467093018665140969e+00,3.391225832148851982e+00,0.000000000000000000e+00
3.980845352565916873e+00,3.439940197480203299e+00,0.000000000000000000e+00
2.199951998723280511e+00,-3.927266151026464147e+00,0.000000000000000000e+00
3.815482596681683131e-02,-3.608188832145453162e+00,0.000000000000000000e+00
9.088914011359597867e-01,1.258872932327966154e+00,1.000000000000000000e+00
-3.183827168464721247e+00,8.579507047160341016e-02,0.000000000000000000e+00
9.446431421158162367e-01,1.161119431179595374e+00,1.000000000000000000e+00
-2.241861028704994041e+00,2.740920423739216183e+00,0.000000000000000000e+00
-3.535922015126437223e+00,2.044709549093546297e+00,0.000000000000000000e+00
-1.409064614194627474e+00,7.240144823324543566e-01,1.000000000000000000e+00
3.130803736587199015e+00,-2.895361285539830742e+00,0.000000000000000000e+00
3.565903841137727515e+00,4.178878843206561555e-01,0.000000000000000000e+00
-3.939296930444759592e+00,3.278672895238935681e+00,0.000000000000000000e+00
-8.606692949753643740e-01,2.230557230337430141e+00,0.000000000000000000e+00
6.517264784331979754e-01,1.494709167258685412e-01,1.000000000000000000e+00
-1.123766520241310296e+00,-1.170278116686154224e+00,1.000000000000000000e+00
2.189467225896245761e+00,-2.505077291993288657e+00,0.000000000000000000e+00
-3.378214475323304988e+00,-7.634165500213045963e-01,0.000000000000000000e+00
-2.507784462435600936e+00,3.228684598803861050e+00,0.000000000000000000e+00
-3.283619706748110850e-02,2.066978206365962301e+00,0.000000000000000000e+00
-2.919501654621856179e+00,1.085296634966570611e-01,0.000000000000000000e+00
2.830675734591509674e+00,2.271952094990093318e+00,0.000000000000000000e+00
-2.168049851172155318e+00,3.764507561108934919e+00,0.000000000000000000e+00
-4.364791463502926683e-01,-1.562370897993460073e+00,1.000000000000000000e+00
-6.162835517722381473e-01,6.306115284336827331e-01,1.000000000000000000e+00
1.229456078680916331e+00,-3.129001305266082333e+00,0.000000000000000000e+00
3.684396602377886243e+00,-3.529068540994952041e+00,0.000000000000000000e+00
3.003106339861131069e+00,3.021599356257901992e+00,0.000000000000000000e+00
2.643188285326166564e+00,-2.229980643028486753e+00,0.000000000000000000e+00
1.174388690963101833e+00,-1.832549090146332160e+00,0.000000000000000000e+00
-4.420184544716751485e-01,2.580162249686179798e+00,0.000000000000000000e+00
-2.104871613396307239e+00,2.189098434008464711e+00,0.000000000000000000e+00
3.558840896277428278e+00,-6.078842663514278932e-01,0.000000000000000000e+00
-2.366544272168191743e+00,2.241349851603529064e+00,0.000000000000000000e+00
4.712623116683536950e-01,-2.816951988025683029e+00,0.000000000000000000e+00
4.618822993635268714e-01,-1.993865769767545926e+00,0.000000000000000000e+00
4.372297209807278207e-01,2.869699931121754588e+00,0.000000000000000000e+00
1.945025597735076772e+00,1.538962645377775162e+00,0.000000000000000000e+00
1.871369591044963920e+00,-2.987037504614030059e+00,0.000000000000000000e+00
-3.460211644017979538e+00,1.145034517967216781e+00,0.000000000000000000e+00
2.722042546204122559e-01,-1.343376294734838883e+00,1.000000000000000000e+00
-2.386716923310114424e+00,8.240038540476776197e-01,0.000000000000000000e+00
3.693960841347876389e+00,2.549202733739520443e+00,0.000000000000000000e+00
1.874458077032424619e+00,-4.928951390397750543e-01,1.000000000000000000e+00
1.164315489374603135e-01,1.962456493676443259e+00,1.000000000000000000e+00
-1.188325916039547625e+00,4.780466506002507138e-02,1.000000000000000000e+00
-1.212749673670213246e+00,-3.600096651474098408e+00,0.000000000000000000e+00
-3.029739828199412344e+00,-1.857314679904563448e+00,0.000000000000000000e+00
2.282961029066504555e+00,2.691548445665752798e+00,0.000000000000000000e+00
-2.797541832474928825e+00,3.804566368857846381e+00,0.000000000000000000e+00
-3.792798645823038939e+00,1.708596107596185298e+00,0.000000000000000000e+00
2.066402401367852804e+00,-3.355840516249194216e+00,0.000000000000000000e+00
-2.147364813763317670e+00,-2.375266840114001798e+00,0.000000000000000000e+00
1.935069239017010556e+00,-2.553614452990116579e+00,0.000000000000000000e+00
2.559429585196431489e+00,2.211757237098681994e+00,0.000000000000000000e+00
9.845728808990070746e-01,6.819499934408455033e-01,1.000000000000000000e+00
1.286253632748030284e+00,3.674320669341331502e+00,0.000000000000000000e+00
3.235030327136262152e+00,1.553895313050415616e+00,0.000000000000000000e+00
1.416571500867082278e+00,1.193322250125974371e+00,1.000000000000000000e+00
-3.884987206751383537e-01,2.436152793790805404e+00,0.000000000000000000e+00
6.788886156662223004e-02,-3.143418311867485215e+00,0.000000000000000000e+00
-2.116797491510970630e+00,-3.826156893211608789e+00,0.000000000000000000e+00
-3.224188837837300703e+00,-3.443440091378793699e+00,0.000000000000000000e+00
-1.854077719983766359e+00,-2.585044735949308392e-01,1.000000000000000000e+00
3.697837838178042458e-01,-2.762347932626878055e+00,0.000000000000000000e+00
-3.486180325523333234e+00,-2.151118977813850641e+00,0.000000000000000000e+00
-3.952031806397793279e+00,-2.244699269533373176e+00,0.000000000000000000e+00
-1.732869288630042304e+00,2.182814577413764390e+00,0.000000000000000000e+00
-9.355773871988268819e-01,3.373394471843669251e+00,0.000000000000000000e+00
-3.269278835078462730e+00,-3.734024646259396008e+00,0.000000000000000000e+00
-2.863549121151483412e+00,1.467743131912071508e+00,0.000000000000000000e+00
3.599895199764114651e+00,-1.419092642307651531e+00,0.000000000000000000e+00
3.927767879290199993e+00,-1.670614103326697020e+00,0.000000000000000000e+00
-3.950342140264246904e+00,3.596555193802552508e-01,0.000000000000000000e+00
2.864186033374259477e+00,-3.638923836731239092e+00,0.000000000000000000e+00
3.605203822073394626e+00,1.206693909579618307e+00,0.000000000000000000e+00
3.062291208500088846e+00,3.185630294097187232e+00,0.000000000000000000e+00
3.502492219313708688e+00,8.594883233343910689e-01,0.000000000000000000e+00
8.830013881207134929e-01,2.382348706757521306e+00,0.000000000000000000e+00
2.676975165175319790e-02,-2.526142444726349190e+00,0.000000000000000000e+00
-2.437611293227895715e+00,2.905063041294638104e+00,0.000000000000000000e+00
-1.957127523479541331e+00,6.755335629640281114e-01,0.000000000000000000e+00
1.588341330397459394e+00,-3.960779790971173941e+00,0.000000000000000000e+00
-8.917631743703329228e-01,-9.144827963334826171e-01,1.000000000000000000e+00
1.192476704655082154e+00,-1.095078310417768375e+00,1.000000000000000000e+00
-1.428510203201237283e-01,-1.468736271483315869e+00,1.000000000000000000e+00
3.619139200180048643e+00,-7.947012439735106071e-01,0.000000000000000000e+00
1.545246517212239823e+00,1.681426618654665139e+00,0.000000000000000000e+00
-6.511776917450156077e-01,2.303964098337792255e+00,0.000000000000000000e+00
3.031396647355802720e+00,-3.525876919417614275e-01,0.000000000000000000e+00
-2.288539406152524158e+00,3.813196724467955434e+00,0.000000000000000000e+00
2.997366743671151745e+00,-1.878122901158594482e+00,0.000000000000000000e+00
4.750687397074271345e-01,9.560805001047611995e-04,1.000000000000000000e+00
-2.645321302978141942e-01,1.383774455162751771e+00,1.000000000000000000e+00
-1.895139256849052156e+00,1.438589723251839869e+00,0.000000000000000000e+00
-1.943524341634536926e-02,1.799240591165771841e+00,1.000000000000000000e+00
-7.561166415829431164e-01,-3.031721791927935783e+00,0.000000000000000000e+00
4.869006847338956390e-01,2.272575915564412963e+00,0.000000000000000000e+00
6.571591914296310843e-01,1.949913488080832202e+00,0.000000000000000000e+00
-1.139507884589656822e-01,-7.467282512200092981e-01,1.000000000000000000e+00
-2.569137451193285848e+00,-2.529201155410094159e+00,0.000000000000000000e+00
6.963141203337820384e-01,3.223678123641603221e+00,0.000000000000000000e+00
2.318828868575286695e+00,5.381991101194038424e-02,0.000000000000000000e+00
2.680755521477457215e+00,3.620758024092396887e+00,0.000000000000000000e+00
-1.174518455626669011e+00,-2.063541603538307179e+00,0.000000000000000000e+00
1.718308604165397213e+00,-2.640735067748579468e+00,0.000000000000000000e+00
3.716377257449573257e+00,3.208215563058694375e+00,0.000000000000000000e+00
-3.259859366565010408e+00,2.682770355303771392e+00,0.000000000000000000e+00
2.896464598370647181e+00,-2.106734329479405421e+00,0.000000000000000000e+00
-2.923504455739194263e+00,3.407995685460862401e+00,0.000000000000000000e+00
-3.789440794134866675e+00,-1.029768584176265600e+00,0.000000000000000000e+00
3.180417762840110463e+00,-3.153023003318690787e+00,0.000000000000000000e+00
-3.963060728994046045e+00,3.523955954973644555e+00,0.000000000000000000e+00
4.350119584588801880e-02,3.864389813980331212e+00,0.000000000000000000e+00
3.753562220195671095e+00,1.350795931985419918e+00,0.000000000000000000e+00
-3.424595968424217762e+00,3.983197627304652322e+00,0.000000000000000000e+00
-1.817998237173285681e+00,-1.842638501948794749e+00,0.000000000000000000e+00
2.266478649537235490e-01,3.720879992490426780e+00,0.000000000000000000e+00
-1.987883649653369611e+00,-3.685355722194469941e+00,0.000000000000000000e+00
2.536482148559677352e+00,-2.624414308179143784e+00,0.000000000000000000e+00
-3.128490346653723275e+00,2.053957356121698108e-01,0.000000000000000000e+00
1.001551179088499444e+00,-3.592469455117176302e+00,0.000000000000000000e+00
2.455500163131796754e+00,-2.069985040442696711e+00,0.000000000000000000e+00
-3.455863953916828102e+00,-1.442808199072631026e-01,0.000000000000000000e+00
1.952091307550014587e+00,-2.537232443949043237e+00,0.000000000000000000e+00
-4.765552921384594853e-01,3.440476833373543819e+00,0.000000000000000000e+00
-3.979588209920442043e+00,2.700867526562699683e-01,0.000000000000000000e+00
2.880922018077812119e+00,3.829065590099567373e+00,0.000000000000000000e+00
-3.617319152166174612e-01,-1.071479517641497736e+00,1.000000000000000000e+00
1.521002899541269215e+00,2.309126909118370818e-01,1.000000000000000000e+00
1.569225232970616224e+00,3.973157230034837450e+00,0.000000000000000000e+00
3.093359926093566692e+00,-1.625818156571860795e+00,0.000000000000000000e+00
-7.292982055639135597e-01,-3.905707991985253091e+00,0.000000000000000000e+00
-3.384505189404688252e+00,3.428539038682733686e+00,0.000000000000000000e+00
-1.140476190737653717e+00,-2.733023643969920258e+00,0.000000000000000000e+00
3.663404089443560885e+00,2.718438418029403891e+00,0.000000000000000000e+00
1.260463117524023069e+00,-8.752173844690069870e-03,1.000000000000000000e+00
-1.222115050003996339e+00,3.056936245824439347e+00,0.000000000000000000e+00
5.205961916144684620e-01,-1.435865192892411102e+00,1.000000000000000000e+00
-1.006271805190146473e+00,-6.961444898588924346e-01,1.000000000000000000e+00
-9.143601944832184802e-01,-2.790538124004476650e+00,0.000000000000000000e+00
-1.356323388812299191e+00,-1.555074682622921367e+00,0.000000000000000000e+00
-2.825877559412626194e+00,-1.026317183703224223e-01,0.000000000000000000e+00
-3.277826852248975076e+00,3.963648784414477433e+00,0.000000000000000000e+00
1.862952907453598206e+00,-6.728374038275463098e-01,1.000000000000000000e+00
-3.107127960214451701e+00,1.436824956961486599e-01,0.000000000000000000e+00
-2.584402409514057641e+00,-3.089428407974734725e+00,0.000000000000000000e+00
3.018118475645625409e+00,1.264527731734910176e+00,0.000000000000000000e+00
-7.035985779156528341e-01,9.353156381328517899e-01,1.000000000000000000e+00
2.594865605372377870e-01,-2.702803315876661117e+00,0.000000000000000000e+00
-7.431399911605567343e-01,8.952449887393021388e-01,1.000000000000000000e+00
-3.290752942170920292e+00,-2.930077402804746267e+00,0.000000000000000000e+00
2.519576518431541068e+00,3.659861403397680846e+00,0.000000000000000000e+00
-3.827320899651100561e+00,1.984083857013374308e+00,0.000000000000000000e+00
6.831937144722443067e-01,-1.195041636776796867e+00,1.000000000000000000e+00
-2.330306197055385997e+00,-3.051242013787763163e+00,0.000000000000000000e+00
2.485825268183482706e+00,2.015637415897517215e+00,0.000000000000000000e+00
1.395426340476377591e+00,-2.096322244883616293e+00,0.000000000000000000e+00
1.986996418419141763e+00,-2.782503684435837066e+00,0.000000000000000000e+00
-2.887166991686382467e+00,6.675948466010925286e-02,0.000000000000000000e+00
-2.618524897313367461e+00,-3.648079300808799719e+00,0.000000000000000000e+00
2.262521775701366256e+00,-3.779711223766424322e+00,0.000000000000000000e+00
-3.989603395016367404e+00,2.450293176851684240e+00,0.000000000000000000e+00
2.034287693083874249e+00,1.911023789527731553e+00,0.000000000000000000e+00
-3.861786553686065382e+00,-2.864997058027180188e+00,0.000000000000000000e+00
-2.470032254914657166e+00,-1.821986161799107329e+00,0.000000000000000000e+00
-2.475248181327505570e+00,3.910114036858045594e+00,0.000000000000000000e+00
1.021738162102054481e+00,2.398937737519369229e+00,0.000000000000000000e+00
-3.550717476331485489e+00,3.101461558416581887e+00,0.000000000000000000e+00
-1.559469884511437865e+00,-1.554293373027372804e-01,1.000000000000000000e+00
1.219532866882869548e+00,2.648975202463261347e+00,0.000000000000000000e+00
3.579043318780710803e-01,-3.550448984723563406e+00,0.000000000000000000e+00
-1.275344095749187723e+00,-2.316701926003129353e-01,1.000000000000000000e+00
-7.457732628421379628e-01,3.478965872302980600e+00,0.000000000000000000e+00
3.213420964629801535e+00,-3.016543577583930436e+00,0.000000000000000000e+00
-5.170381436979797352e-01,1.849678621578003224e+00,1.000000000000000000e+00
-1.501502028168518188e-01,-1.449187751044076045e+00,1.000000000000000000e+00
2.837593144516514343e+00,-2.980088679145760366e-01,0.000000000000000000e+00
-2.392529664936781320e+00,-2.717980072151572335e-01,0.000000000000000000e+00
6.755193107786547912e-01,-1.060140916245665865e+00,1.000000000000000000e+00
-2.141275345677078779e+00,2.338731508032864337e+00,0.000000000000000000e+00
-2.579679700846122969e+00,6.343071101837580716e-01,0.000000000000000000e+00
2.859677455688822700e+00,3.001696354186639937e+00,0.000000000000000000e+00
9.131998411899627799e-01,-6.633724748317016973e-01,1.000000000000000000e+00
-3.334406769534892678e+00,-2.719129765589963110e+00,0.000000000000000000e+00
-6.130133120748332276e-01,-3.338159369398736143e+00,0.000000000000000000e+00
-3.923592421672828401e+00,-3.815837716481242925e+00,0.000000000000000000e+00
3.939806036092527552e+00,2.509381182612724359e+00,0.000000000000000000e+00
3.546006996753182428e+00,-3.623581531693715885e+00,0.000000000000000000e+00
3.076876213503596080e+00,3.711105903658802330e+00,0.000000000000000000e+00
2.110531408422373634e+00,-3.328088542027802355e+00,0.000000000000000000e+00
3.252902933038169575e+00,3.890306708224471777e+00,0.000000000000000000e+00
-1.057693187652462230e+00,3.606421985030793476e+00,0.000000000000000000e+00
-3.344123355694950117e+00,2.970220597796648931e+00,0.000000000000000000e+00
-3.560586129123609389e+00,-6.699466240319704724e-01,0.000000000000000000e+00
-3.173283816549129499e-01,-9.706585055241149229e-01,1.000000000000000000e+00
-6.418631127859030228e-01,3.896092776217692788e-01,1.000000000000000000e+00
2.865244556078589411e-01,-1.706714953286606606e+00,1.000000000000000000e+00
2.521155433416820912e+00,1.571377831459050689e-01,0.000000000000000000e+00
4.897807211293885299e-01,2.523330052511878918e+00,0.000000000000000000e+00
2.887766841812214325e-01,2.807653895804271826e-01,1.000000000000000000e+00
2.851606241081482196e+00,1.221188920908793385e+00,0.000000000000000000e+00
2.656231104038425883e+00,2.153411435096218796e+00,0.000000000000000000e+00
2.587031987313338277e+00,-2.959851954466576451e+00,0.000000000000000000e+00
1.342061846819257998e-01,-2.458576779192434891e+00,0.000000000000000000e+00
1.406823612000728696e+00,1.476366395568065704e+00,0.000000000000000000e+00
2.091508522974052209e+00,3.069577736629663267e+00,0.000000000000000000e+00
-1.871687588724943563e+00,-7.887661198718669553e-01,0.000000000000000000e+00
-3.480738654389660125e-01,1.829207337032008995e+00,1.000000000000000000e+00
3.336958061945143328e+00,-1.740888716465669450e+00,0.000000000000000000e+00
-3.868729119373862879e+00,-1.614087131326662705e+00,0.000000000000000000e+00
-3.670865991373901682e+00,3.652796716545942513e+00,0.000000000000000000e+00
-4.658423610612103527e-01,-3.115491693282159691e+00,0.000000000000000000e+00
-2.035445448259448842e+00,7.352143194193362374e-01,0.000000000000000000e+00
2.135235171909304785e+00,-3.740534529592220991e+00,0.000000000000000000e+00
2.555488229904840924e-01,-2.160865260957958611e+00,0.000000000000000000e+00
8.947968775943744291e-01,-2.561234261817767255e+00,0.000000000000000000e+00
3.407365073722639082e-01,3.250239852743872504e-01,1.000000000000000000e+00
-2.951582323893072513e+00,3.846560853743613340e+00,0.000000000000000000e+00
-2.627746424191632624e+00,2.346636280376691808e+00,0.000000000000000000e+00
-5.464071545790579743e-01,-1.011412633143131456e+00,1.000000000000000000e+00
-4.847594864889920863e-01,1.045528542541032557e+00,1.000000000000000000e+00
-1.321248025816126104e+00,-3.150987176088278829e+00,0.000000000000000000e+00
5.765358984848010238e-01,9.360189856526632823e-01,1.000000000000000000e+00
1.708956346668577098e+00,-3.049272606738644420e-01,1.000000000000000000e+00
-3.399536416397853422e+00,4.879394597531502287e-01,0.000000000000000000e+00
-3.926608439683282881e-01,3.362589484871191026e+00,0.000000000000000000e+00
6.641938384698672371e-01,-3.991569526340625895e+00,0.000000000000000000e+00
8.742649886277068516e-01,3.991056785804587115e+00,0.000000000000000000e+00
-2.974755800077616641e+00,-2.365124534369703380e+00,0.000000000000000000e+00
-3.684899835427935866e+00,-2.926466380594135330e+00,0.000000000000000000e+00
-2.815210341432669239e+00,-1.930617453022088759e+00,0.000000000000000000e+00
-2.641132328038632071e+00,-2.690085051975609876e+00,0.000000000000000000e+00
5.015161361042792532e-01,3.697403802269035644e+00,0.000000000000000000e+00
1.902990095355457045e+00,2.024062327842627518e+00,0.000000000000000000e+00
-3.775673346175407730e+00,2.406365043425964689e+00,0.000000000000000000e+00
-3.725779558884227405e-01,4.382486972962116867e-01,1.000000000000000000e+00
-2.899638093099353497e+00,-1.920052389527435066e+00,0.000000000000000000e+00
1.270982433688737423e+00,-1.274653407472472466e+00,1.000000000000000000e+00
3.515539554344284112e-01,1.093629793716131005e+00,1.000000000000000000e+00
1.146260239770900746e+00,-3.360982848881270524e+00,0.000000000000000000e+00
2.240368703357277447e+00,-3.516797125565170656e+00,0.000000000000000000e+00
2.671206005899387392e+00,3.770723526676241555e+00,0.000000000000000000e+00
-3.891298086558101055e+00,-2.331309040290870271e+00,0.000000000000000000e+00
-7.643262265085263296e-01,3.562343030932156651e+00,0.000000000000000000e+00
-8.244108952986597960e-02,3.467485535378751926e+00,0.000000000000000000e+00
2.904421520339519613e+00,-3.755425136781425977e+00,0.000000000000000000e+00
-1.787553787309698938e+00,-5.933755578766066741e-01,1.000000000000000000e+00
7.796159747640069027e-01,-3.874943507846522195e-01,1.000000000000000000e+00
2.726735403863694618e+00,-2.026836555871486034e+00,0.000000000000000000e+00
8.262095024291733480e-01,-9.531297410720007690e-01,1.000000000000000000e+00
-1.939581676608531868e+00,1.304025146035288296e+00,0.000000000000000000e+00
1.769436048546043416e+00,4.598906652418346397e-01,1.000000000000000000e+00
-1.300189182619658101e+00,5.016822122887647506e-01,1.000000000000000000e+00
-1.153155071819333966e+00,-3.460163945614807446e+00,0.000000000000000000e+00
3.267122434524722063e+00,3.957534397521194514e+00,0.000000000000000000e+00
-1.025869375754242974e+00,5.992908349698743420e-01,1.000000000000000000e+00
-1.206429892230692191e+00,2.051866202502830028e+00,0.000000000000000000e+00
-2.440789538948186621e+00,-5.752863728955790457e-01,0.000000000000000000e+00
-2.239588474976930144e+00,2.105583442467994504e-01,0.000000000000000000e+00
3.846078306530618995e+00,6.654701234375455243e-01,0.000000000000000000e+00
3.391625960093892722e+00,-1.462561059518680207e+00,0.000000000000000000e+00
-1.382977472625712689e+00,3.734372275460992263e+00,0.000000000000000000e+00
-6.025196345715099211e-01,-8.264692501238104505e-01,1.000000000000000000e+00
-1.566925670289815109e+00,3.494547002905122657e+00,0.000000000000000000e+00
1.351140359410397451e+00,-1.813868747840374551e+00,0.000000000000000000e+00
-3.358004779630401337e+00,1.480115735464261340e+00,0.000000000000000000e+00
2.025002033260328571e-01,3.233976832867349493e+00,0.000000000000000000e+00
-2.606503330529312379e+00,3.460801821534277511e+00,0.000000000000000000e+00
-3.527107233195179159e+00,3.202805389498980304e+00,0.000000000000000000e+00
4.262027853236245445e-01,-2.309632215340722716e+00,0.000000000000000000e+00
-1.885685391616285012e+00,-3.822056725025088753e+00,0.000000000000000000e+00
9.438882651002913349e-01,-2.180684975303972983e+00,0.000000000000000000e+00
1.343547981306378425e+00,-3.374198504532777143e-01,1.000000000000000000e+00
1.793291000080581066e+00,3.612705608299512594e+00,0.000000000000000000e+00
-5.721881954164519390e-01,1.514806604135342738e+00,1.000000000000000000e+00
1.846382855273130508e+00,-1.783778143420767570e+00,0.000000000000000000e+00
1.022625486411470608e-01,-2.121263039308251663e+00,0.000000000000000000e+00
2.688198411781791197e+00,-3.943517365434351607e+00,0.000000000000000000e+00
-1.616225337858665290e+00,2.932591426507743293e+00,0.000000000000000000e+00
5.561873776119760082e-01,4.544597664804080339e-01,1.000000000000000000e+00
2.180442839813418132e+00,-1.677724699324696145e+00,0.000000000000000000e+00
-3.362401676300014852e+00,-2.814338369812516283e-02,0.000000000000000000e+00
-1.113201221501149307e+00,-2.974169008482640209e+00,0.000000000000000000e+00
-2.500546476663711992e+00,1.360560000667412117e+00,0.000000000000000000e+00
-1.971830083225088126e+00,-2.213521168100017977e+00,0.000000000000000000e+00
3.317610494724956283e+00,-3.763197155641300640e+00,0.000000000000000000e+00
-2.003275962891220285e-01,3.502934602253319873e+00,0.000000000000000000e+00
2.986689873598564304e+00,-1.395267947766136718e+00,0.000000000000000000e+00
2.921329197294357805e+00,1.419848032198525623e+00,0.000000000000000000e+00
-2.738588075014246392e+00,1.688029283406078163e+00,0.000000000000000000e+00
-2.389692742870529740e-01,-1.120291814578956657e+00,1.000000000000000000e+00
-2.054432534429968538e+00,9.944711458883238597e-01,0.000000000000000000e+00
-2.312048806013396351e+00,1.934270535788830958e-01,0.000000000000000000e+00
-3.050122509831885598e+00,7.520201136089543770e-02,0.000000000000000000e+00
-3.576645857062612066e+00,2.504643553265026856e-01,0.000000000000000000e+00
3.956592581221905380e+00,1.319881989154325197e+00,0.000000000000000000e+00
-3.809879139489483202e-01,1.033670312736579611e+00,1.000000000000000000e+00
3.289336645997097186e+00,-5.183526513984388906e-01,0.000000000000000000e+00
-5.641542506848136185e-01,-7.260779919213447009e-01,1.000000000000000000e+00
6.076098286471013354e-01,2.947625321582501456e+00,0.000000000000000000e+00
2.058564481832901194e+00,-3.478477134906616808e+00,0.000000000000000000e+00
-1.229967385367717103e+00,1.454813089737806209e+00,1.000000000000000000e+00
-4.103608803255953674e-02,4.456391229395393339e-01,1.000000000000000000e+00
1.248794222837374734e+00,-7.439418242422179972e-02,1.000000000000000000e+00
1.495445144084575517e+00,3.168188443326177772e+00,0.000000000000000000e+00
-1.898725393445725773e+00,1.168468359442633497e+00,0.000000000000000000e+00
3.276340104335302428e+00,1.096113546531337191e+00,0.000000000000000000e+00
3.198313102048466749e+00,-1.974990060119509838e+00,0.000000000000000000e+00
8.882512597397600185e-02,6.945498175187392320e-01,1.000000000000000000e+00
-2.537650559383805238e+00,2.943502075864433909e+00,0.000000000000000000e+00
-2.448940450606247765e+00,-2.658025988768097037e+00,0.000000000000000000e+00
-3.835980721524984371e+00,-2.979772923728361445e+00,0.000000000000000000e+00
3.649980552631974184e+00,9.279883356390605798e-01,0.000000000000000000e+00
7.319017099917584090e-01,3.121582689386273923e+00,0.000000000000000000e+00
7.263445091899610462e-02,-2.410510961086126169e+00,0.000000000000000000e+00
-1.318477813012251254e-01,2.915362142030539921e-02,1.000000000000000000e+00
-8.424181867321870465e-01,1.052411233926666689e+00,1.000000000000000000e+00
1.580530629445400237e+00,1.300505233332026833e+00,0.000000000000000000e+00
2.738011403194841265e+00,-2.994967665254686384e+00,0.000000000000000000e+00
-1.746305739080817432e+00,-1.803461657440049271e+00,0.000000000000000000e+00
-9.021369693726697392e-01,-9.987345150816713257e-01,1.000000000000000000e+00
3.741515848226291574e+00,3.509397135277473101e+00,0.000000000000000000e+00
1.119023977887489529e+00,-2.582947045324705648e+00,0.000000000000000000e+00
-3.371018648082915625e+00,1.106814308576052008e+00,0.000000000000000000e+00
-1.078178141704994708e+00,-8.611095265471200300e-01,1.000000000000000000e+00
-2.026319167142758726e+00,-1.371364112356720399e+00,0.000000000000000000e+00
3.468113374125795900e+00,1.753643048557393946e+00,0.000000000000000000e+00
2.985035301660297069e-01,2.720250285739160390e+00,0.000000000000000000e+00
-1.033225800826220730e+00,3.753874693050117894e+00,0.000000000000000000e+00
2.390354050027630795e+00,2.882827632963809172e+00,0.000000000000000000e+00
-3.236226124671026660e+00,-3.264742180709734320e-01,0.000000000000000000e+00
3.446579041928290454e+00,3.789734538298391797e+00,0.000000000000000000e+00
3.611068428456947643e+00,3.885986280369603030e+00,0.000000000000000000e+00
1.436584760223319046e+00,-1.021670878302600727e+00,1.000000000000000000e+00
-9.995420172574148721e-01,1.407107885366035704e+00,1.000000000000000000e+00
-4.871662990260582776e-02,2.637830482271184551e-01,1.000000000000000000e+00
-1.183132540202563865e+00,-9.509474111123860096e-01,1.000000000000000000e+00
-1.663872221980205346e+00,-2.671944920134692758e+00,0.000000000000000000e+00
-2.381280623743925684e+00,-2.188685845561071375e-01,0.000000000000000000e+00
-8.300223051838755417e-01,1.616904387308380597e+00,1.000000000000000000e+00
-2.822350084188546049e+00,-3.314926982638843889e+00,0.000000000000000000e+00
-1.104646755049190521e+00,-8.687471826513263329e-01,1.000000000000000000e+00
2.011370861506898144e+00,-8.198502457700986845e-01,0.000000000000000000e+00
3.932516317308386355e+00,-1.761865170404281811e+00,0.000000000000000000e+00
-2.761145997666385465e+00,3.414572610921267071e+00,0.000000000000000000e+00
-1.309340279112799710e+00,-1.571289412440524114e+00,0.000000000000000000e+00
9.959906923828166780e-01,3.550770520189810764e+00,0.000000000000000000e+00
-5.984095382921434947e-01,-3.641654783891580038e+00,0.000000000000000000e+00
3.103842333611090076e+00,-2.838893795839056988e+00,0.000000000000000000e+00
3.455661210190016153e+00,2.337636814382957340e-01,0.000000000000000000e+00
2.612361540728057818e+00,-9.420057610867812459e-01,0.000000000000000000e+00
3.673045780305967400e-01,-2.318747190498316790e+00,0.000000000000000000e+00
-2.981419275608069075e+00,2.313217480656420744e+00,0.000000000000000000e+00
-2.297653146952652659e+00,1.337712296628056352e+00,0.000000000000000000e+00
2.346981034041526915e+00,-2.585768305914776022e+00,0.000000000000000000e+00
1.184337568849176847e+00,3.719861944768432238e+00,0.000000000000000000e+00
-1.197996436799848796e+00,1.548981767104468332e+00,1.000000000000000000e+00
2.644234119427517626e-01,-3.346639877548485131e-01,1.000000000000000000e+00
-1.710132359771270594e-01,-3.666184701466785878e+00,0.000000000000000000e+00
2.361248026798446809e+00,1.975616901618460597e+00,0.000000000000000000e+00
-1.469957899217070985e+00,3.490176974183209491e-01,1.000000000000000000e+00
1.045330005980540600e+00,-7.403902539651601167e-01,1.000000000000000000e+00
3.141029589466954566e-04,-2.493897839852941889e+00,0.000000000000000000e+00
8.510068391235457996e-01,7.950957336724240321e-01,1.000000000000000000e+00
-4.114345527386217283e-01,1.136410517285429300e+00,1.000000000000000000e+00
-2.712815490685933195e+00,-1.357331423935391523e+00,0.000000000000000000e+00
-1.969963646154151982e-01,8.819857990767756561e-01,1.000000000000000000e+00
-8.695320210910362224e-01,-1.098570054993359468e+00,1.000000000000000000e+00
9.033437354792067664e-01,-3.126083897763351604e+00,0.000000000000000000e+00
1.645245217523691572e+00,1.012413261017119703e+00,1.000000000000000000e+00
-3.477106494447743223e+00,-2.073014711710079006e+00,0.000000000000000000e+00
1.409889174319696181e+00,7.875364351417220021e-01,1.000000000000000000e+00
2.753598578911450989e+00,-1.180902365189528069e+00,0.000000000000000000e+00
-2.781280369525264806e+00,3.822790268969156635e+00,0.000000000000000000e+00
-3.811046230681808478e+00,-1.326959280378507744e+00,0.000000000000000000e+00
1.274537924024667035e+00,-2.138958464029868889e+00,0.000000000000000000e+00
-1.781198987397718814e-01,-1.956936553110679489e+00,1.000000000000000000e+00
1.363306408399261205e+00,-3.631215424594358421e+00,0.000000000000000000e+00
3.731908658615531227e+00,1.495881092600183093e+00,0.000000000000000000e+00
3.361581595741736983e+00,5.563240647115872406e-01,0.000000000000000000e+00
5.874406029944891916e-01,3.347366847087378972e+00,0.000000000000000000e+00
-5.843851601878259361e-01,1.822187095718837968e+00,1.000000000000000000e+00
3.398711764489990905e+00,-1.775750429237598516e+00,0.000000000000000000e+00
-1.694679867319144329e+00,-2.483466972395666605e+00,0.000000000000000000e+00
-1.904782195377234366e+00,-2.476703940386931757e-01,1.000000000000000000e+00
2.473016166197275822e+00,2.458289839360885409e+00,0.000000000000000000e+00
3.709276194357118861e+00,3.642626392297766635e+00,0.000000000000000000e+00
-9.791506786052440736e-01,2.470163337434288509e-01,1.000000000000000000e+00
-8.792842992149657588e-01,-1.866649024439740012e+00,0.000000000000000000e+00
-1.948105219304740343e+00,-1.285262463328321392e+00,0.000000000000000000e+00
-2.213604301793993923e+00,-2.853249813198392992e-01,0.000000000000000000e+00
3.286740716405208484e+00,3.745456752977458059e+00,0.000000000000000000e+00
2.959818425506167472e+00,-2.129891587382331419e+00,0.000000000000000000e+00
-9.295968117743098891e-02,1.595386830093240116e+00,1.000000000000000000e+00
-2.066595467463428371e+00,-2.297820877023866171e+00,0.000000000000000000e+00
2.947746361119496949e+00,-1.919147013921026712e+00,0.000000000000000000e+00
-3.587248810755744532e+00,2.809093794040592673e+00,0.000000000000000000e+00
-8.205691505483641013e-01,2.440143122906293982e+00,0.000000000000000000e+00
-3.637006046684781335e+00,9.819992572095572747e-01,0.000000000000000000e+00
-1.543039395550676263e+00,2.174214112827466128e-01,1.000000000000000000e+00
-3.852597762008561411e+00,-1.592141535440245281e+00,0.000000000000000000e+00
-3.777755320566394872e-03,5.788330737298420514e-01,1.000000000000000000e+00
-1.558108019975948944e-01,-3.076960595092957274e+00,0.000000000000000000e+00
1.358116075968383685e+00,3.556471982329905579e+00,0.000000000000000000e+00
3.518702323373812391e+00,-1.320838090253677599e-01,0.000000000000000000e+00
-2.407812810275038462e+00,2.484948928190528594e+00,0.000000000000000000e+00
2.794544212348389234e+00,9.115087743115594110e-01,0.000000000000000000e+00
-3.715626655738154316e+00,-6.814771826531840215e-01,0.000000000000000000e+00
1.434913876564356539e-01,-2.708454379714407612e+00,0.000000000000000000e+00
3.727271415343237138e+00,2.645397758069326866e+00,0.000000000000000000e+00
-1.236095965069767377e+00,-8.338378316383463495e-01,1.000000000000000000e+00
-2.486423652024714492e+00,-2.633433002103029441e+00,0.000000000000000000e+00
5.325286197991090792e-02,2.104481670942017768e+00,0.000000000000000000e+00
-1.724751221580420824e+00,1.505415559331974240e+00,0.000000000000000000e+00
3.792873972162740248e+00,1.608336360472788940e+00,0.000000000000000000e+00
3.458448611449636001e+00,1.284490999928209476e-01,0.000000000000000000e+00
-1.577708656003133481e+00,3.663682936479407681e-01,1.000000000000000000e+00
-2.096205000304541599e+00,3.316822794118094997e+00,0.000000000000000000e+00
2.629970217380679376e+00,-2.200585091879365685e+00,0.000000000000000000e+00
-2.041989586627653619e+00,-3.165456529347016268e+00,0.000000000000000000e+00
8.433666510608927025e-01,-2.654779676379601661e+00,0.000000000000000000e+00
-3.805851840820536403e+00,1.925611478330358839e+00,0.000000000000000000e+00
3.167965748431845086e+00,-1.617091422952783741e+00,0.000000000000000000e+00
-2.547341702312098999e+00,-2.932319980492598122e-01,0.000000000000000000e+00
-4.183946273752709444e-01,2.803641764885333121e+00,0.000000000000000000e+00
3.746578946714348213e+00,-2.156461645955012330e-01,0.000000000000000000e+00
-2.561100281848101456e+00,5.731812263706023147e-01,0.000000000000000000e+00
-9.704989611091139334e-01,1.751618800385694952e+00,0.000000000000000000e+00
-1.860544309803224605e+00,1.526167650108939622e+00,0.000000000000000000e+00
-3.281872585446527602e+00,-1.914863862039609121e-01,0.000000000000000000e+00
-1.503400808396820665e+00,1.058983123213470323e+00,1.000000000000000000e+00
-3.416689794592553842e+00,-3.224868138386649985e+00,0.000000000000000000e+00
2.578826648636587393e+00,-1.824287729665393654e+00,0.000000000000000000e+00
-2.184184242567534184e+00,-2.799350858160574718e-01,0.000000000000000000e+00
2.732600780732304280e+00,3.038061265284630608e-01,0.000000000000000000e+00
1.670405723524432062e+00,1.584740775883833219e+00,0.000000000000000000e+00
-3.013998395686821041e+00,-3.394531904276069323e+00,0.000000000000000000e+00
2.440995781890529237e+00,-2.478391650197081297e+00,0.000000000000000000e+00
1.966520281849653218e+00,3.263491073641698659e+00,0.000000000000000000e+00
3.521901198376141906e+00,2.598645407318265210e+00,0.000000000000000000e+00
2.374956669412886967e+00,-7.773451376628885967e-01,0.000000000000000000e+00
1.918962649112981644e+00,-8.433375326035390529e-01,0.000000000000000000e+00
-1.828659021427313291e+00,1.334804936708975598e+00,0.000000000000000000e+00
1.510147639638571349e+00,4.937291913676347122e-01,1.000000000000000000e+00
1.926029477104339804e+00,2.986231812377760697e+00,0.000000000000000000e+00
1.092872925171866072e+00,-1.380126509298281068e+00,1.000000000000000000e+00
1.560361256968977761e+00,-1.233302081338522260e+00,1.000000000000000000e+00
2.935462128520478053e+00,-1.482601360741480079e+00,0.000000000000000000e+00
3.299045965079204112e+00,-3.406858726500461981e-02,0.000000000000000000e+00
-3.072787906495865862e+00,-9.037600567581579591e-01,0.000000000000000000e+00
1.693115448726115524e+00,3.158117683960757205e+00,0.000000000000000000e+00
1.308064447877343328e+00,-2.268633609841582022e+00,0.000000000000000000e+00
1.909386068912503953e+00,3.116565299124895994e+00,0.000000000000000000e+00
-2.956182222439010410e+00,-1.305813624530101746e+00,0.000000000000000000e+00
-2.852902019769654185e+00,-1.351274139105277161e+00,0.000000000000000000e+00
1.157778367460319924e+00,3.738037860562735570e+00,0.000000000000000000e+00
3.486531120136531658e+00,-9.640327325953510496e-01,0.000000000000000000e+00
-2.703448963185757670e+00,1.187998725034907554e+00,0.000000000000000000e+00
1.429907326107017873e+00,3.046000737997723640e+00,0.000000000000000000e+00
3.807987716268511846e+00,-2.194248253119475578e+00,0.000000000000000000e+00
-2.527762863492402978e+00,-4.653124312629652870e-01,0.000000000000000000e+00
2.413066016456352436e+00,-2.455865471774143494e+00,0.000000000000000000e+00
2.223882473983277208e+00,2.775993907089127521e+00,0.000000000000000000e+00
1.166705127125766239e+00,1.646980854204032507e+00,0.000000000000000000e+00
1.454444817031497861e+00,9.620059482025311581e-02,1.000000000000000000e+00
-2.667986732692948504e+00,1.897092239287387017e+00,0.000000000000000000e+00
3.892224356672488117e+00,-5.398036570705233572e-02,0.000000000000000000e+00
-3.993584780012390478e+00,-2.170314926836590885e+00,0.000000000000000000e+00
1.759140841762317775e+00,3.354372267589939227e+00,0.000000000000000000e+00
-3.677371845352724211e+00,3.583101556445753566e+00,0.000000000000000000e+00
-2.595185600958441974e+00,-2.443809512255320282e+00,0.000000000000000000e+00
4.087020838077747853e-01,-1.288792642088362861e+00,1.000000000000000000e+00
9.579347118961525354e-01,1.788932253236588110e-01,1.000000000000000000e+00
2.845479020844812190e+00,1.876348788072385476e+00,0.000000000000000000e+00
-1.081478665362235914e+00,-2.621497656384105035e+00,0.000000000000000000e+00
-3.711267054603928806e+00,-1.400308493450990621e+00,0.000000000000000000e+00
1.880551528016541241e+00,2.960575797067664716e+00,0.000000000000000000e+00
1.982004849706561211e+00,-1.884787584598646148e-02,1.000000000000000000e+00
1.913751366137547705e-01,1.858076810221447772e+00,1.000000000000000000e+00
-3.436581153917347642e+00,1.461722384069606751e+00,0.000000000000000000e+00
1.607462840285628580e+00,-1.136890226293536976e+00,1.000000000000000000e+00
-1.065706045269543045e+00,-2.324203611393694580e+00,0.000000000000000000e+00
-2.521971746404377268e-01,1.916415051579740236e+00,1.000000000000000000e+00
1.106586095856791907e+00,8.967040264504104741e-01,1.000000000000000000e+00
1.303445093016435186e+00,-2.721390803683815474e+00,0.000000000000000000e+00
-1.743783566494164106e+00,3.751363284972178413e-01,1.000000000000000000e+00
-3.779907543798183500e+00,3.542072373188186685e+00,0.000000000000000000e+00
5.609477129894129277e-01,1.811429201556013169e+00,1.000000000000000000e+00
1.773792265793102396e-01,-2.259532430116773849e+00,0.000000000000000000e+00
-1.043731587718832454e+00,3.090465513705557554e-01,1.000000000000000000e+00
1.478839599802264759e+00,-3.096714846280735678e+00,0.000000000000000000e+00
2.278675848624039713e+00,1.428748886938743468e+00,0.000000000000000000e+00
3.818593123353843488e+00,2.657339377678048287e+00,0.000000000000000000e+00
1.975391921880445878e+00,-7.310046490954072995e-01,0.000000000000000000e+00
-1.397026978246809215e+00,5.418980150832772846e-01,1.000000000000000000e+00
-1.696623541823103487e+00,-2.275926681452205447e+00,0.000000000000000000e+00
1.761370329884659469e+00,6.493054210962458939e-01,1.000000000000000000e+00
3.013819720723886153e+00,-2.158159090322068874e+00,0.000000000000000000e+00
-2.325673184464638776e+00,-3.903225955536449909e+00,0.000000000000000000e+00
6.170822717615047637e-01,-3.738661615581234110e-01,1.000000000000000000e+00
-3.163074149898775111e+00,7.040844241397909986e-01,0.000000000000000000e+00
-4.311337250595695392e-01,-2.336446918854647059e+00,0.000000000000000000e+00
-1.118286037680803480e-01,1.999427861149282171e+00,0.000000000000000000e+00
3.580809814908320732e+00,-5.210777183718797723e-01,0.000000000000000000e+00
5.127472575906821817e-01,5.914230440958600371e-02,1.000000000000000000e+00
-3.539310410203551527e+00,-3.325114402161120974e+00,0.000000000000000000e+00
-2.429552859592029712e+00,3.150593854318901599e-01,0.000000000000000000e+00
7.086883535966714831e-01,-7.127953549850865045e-01,1.000000000000000000e+00
-1.453138290071631866e+00,3.575854049864238160e+00,0.000000000000000000e+00
-3.184392566129333524e+00,-3.286212744508805628e+00,0.000000000000000000e+00
-1.342179082808737656e+00,-1.649821230219497892e+00,0.000000000000000000e+00
3.676510265741216088e+00,-6.442101396342203579e-01,0.000000000000000000e+00
3.126136818700673281e+00,-3.204529650416007236e+00,0.000000000000000000e+00
2.534591822898750735e+00,1.079296483360590919e+00,0.000000000000000000e+00
2.266033299773670073e+00,-8.325895296487439978e-02,0.000000000000000000e+00
-9.368647733451337389e-01,1.634576239226081640e+00,1.000000000000000000e+00
3.356662994352253904e+00,3.106398395692725689e+00,0.000000000000000000e+00
-3.095993936894344323e+00,-1.744506289206465555e+00,0.000000000000000000e+00
3.348990668702080065e+00,-3.013526567284238844e+00,0.000000000000000000e+00
5.409877767646645852e-01,-2.610720848448120357e+00,0.000000000000000000e+00
2.777599234913763926e+00,-1.413625885047567809e+00,0.000000000000000000e+00
2.046726086767660657e+00,1.606275666272517277e+00,0.000000000000000000e+00
-2.895719681089933939e+00,1.652254620459106260e-01,0.000000000000000000e+00
-7.862642284021063022e-01,-2.595029804975758747e+00,0.000000000000000000e+00
1.880123340952805089e-02,2.562364172003907647e+00,0.000000000000000000e+00
2.696314814996563669e+00,-2.684157133934034434e+00,0.000000000000000000e+00
2.418266834398187015e+00,2.754431176330455422e+00,0.000000000000000000e+00
3.914232152159441647e+00,-2.001798768731090750e+00,0.000000000000000000e+00
3.187907729622168951e+00,3.085677031774109125e+00,0.000000000000000000e+00
2.112162167844799932e+00,-4.446290861996722299e-01,0.000000000000000000e+00
-2.733823362916023569e+00,9.729438298732705492e-01,0.000000000000000000e+00
-1.759371337645969646e+00,-1.039046235342583335e+00,0.000000000000000000e+00
2.025437204680568204e+00,-3.858871282808440384e+00,0.000000000000000000e+00
-1.961073109363153710e+00,4.009115114695728233e-01,0.000000000000000000e+00
-1.602413698957289245e+00,-3.087676351735836988e+00,0.000000000000000000e+00
2.098878022445310521e+00,1.869627616603987796e+00,0.000000000000000000e+00
-1.710707362614642291e+00,1.445422755485008315e+00,0.000000000000000000e+00
2.307877438745977727e+00,-3.258076938493756014e+00,0.000000000000000000e+00
-1.290117770737381875e+00,-1.702355830611824161e-01,1.000000000000000000e+00
-4.075430375009927997e-01,-1.884618841367520448e+00,1.000000000000000000e+00
3.875942888334608760e+00,-1.379488571875140401e-01,0.000000000000000000e+00
-2.338376222139204152e+00,5.203195382287494342e-01,0.000000000000000000e+00
-3.046421942668951388e+00,-4.827346958908680374e-01,0.000000000000000000e+00
8.205417888183098585e-01,9.869678128304597564e-01,1.000000000000000000e+00
3.231210142951604247e+00,5.122368043411213989e-01,0.000000000000000000e+00
1.075211020611041235e+00,2.955621035713428046e+00,0.000000000000000000e+00
-2.788747524838869118e+00,-3.385625959575939703e+00,0.000000000000000000e+00
1.520331299470329689e-01,-7.718638959616974660e-01,1.000000000000000000e+00
-4.531879723345309530e-01,-1.893889662709969723e+00,1.000000000000000000e+00
1.535001670748922464e+00,-6.327754019072094893e-01,1.000000000000000000e+00
-2.251777102916909357e+00,-3.347584190288103834e+00,0.000000000000000000e+00
2.381721123318312205e+00,2.420765771421599322e+00,0.000000000000000000e+00
3.766737231177336720e-01,2.606005059997994699e+00,0.000000000000000000e+00
1.735841054069868328e+00,3.380261690657930806e+00,0.000000000000000000e+00
1.780825732782385984e+00,-6.278126796804218979e-02,1.000000000000000000e+00
-2.463469998403896355e+00,-2.087506949272027068e+00,0.000000000000000000e+00
1.183570989764609394e+00,-3.574969919608455449e+00,0.000000000000000000e+00
1.725585003396537420e+00,1.649038212882883103e+00,0.000000000000000000e+00
-6.933379017278865630e-01,8.658015797675595593e-01,1.000000000000000000e+00
-2.751064910114725315e+00,2.188086392401146496e-02,0.000000000000000000e+00
-1.930528817564420407e+00,3.393433540157167805e+00,0.000000000000000000e+00
1.812721278326824725e+00,-1.049851345682587311e+00,0.000000000000000000e+00
2.355453242124722291e+00,-1.634844575071172645e+00,0.000000000000000000e+00
3.490069923079341496e+00,-6.498213973100236407e-01,0.000000000000000000e+00
-1.438919988859368448e+00,5.648438345321320497e-01,1.000000000000000000e+00
1.060271842540288612e+00,-3.431890873122407815e+00,0.000000000000000000e+00
1.315189921130968331e+00,-2.796366482287964139e+00,0.000000000000000000e+00
1.746755630942675941e+00,1.325128937650458916e+00,0.000000000000000000e+00
1.030240208545096348e+00,3.933221000453204663e+00,0.000000000000000000e+00
3.919404991102793945e-01,-6.202936880229485972e-01,1.000000000000000000e+00
2.204352682719746603e+00,-5.829572712123467504e-01,0.000000000000000000e+00
-3.000849418293123794e+00,2.082780146178085712e+00,0.000000000000000000e+00
7.216514452624059883e-01,-2.423282923483097040e+00,0.000000000000000000e+00
-3.652028269856844922e+00,-2.038510961558954726e+00,0.000000000000000000e+00
