2.529101348891993895e-01,-3.525467935059244606e+00,0
-2.749705591516735659e+00,3.094025449982229503e+00,0
3.735728558124796761e-01,-1.989979989464668808e+00,1
2.303084173607583995e+00,2.606076427849812749e+00,1
-2.507735556624751894e+00,-3.596625121366815225e+00,0
-1.844350727553786040e+00,2.523415688762062015e+00,0
-1.471338196771079243e+00,-3.277672143782358827e+00,0
-1.161177802612861854e+00,-5.134979212914710933e-01,1
2.006832632144553319e+00,-2.749345272327230916e+00,0
2.389859738170636849e-01,3.487982462676249451e+00,0
3.046772012410729591e+00,-3.391407649990877182e+00,0
-1.316243712296240487e+00,3.430427574750283704e+00,0
-2.365800597039113828e+00,-3.636160427107295035e-01,1
-2.056846512248367009e+00,-1.812704081621843155e+00,1
-3.850351302443875579e+00,2.175542382135086661e-01,0
-3.035747292350536863e-01,-2.717253543910575608e+00,0
-2.911497498963802499e+00,-3.820256701733879545e+00,0
-2.907784053474181007e+00,2.679689708852749597e+00,0
-1.449831303538188509e-01,-3.331748912628557657e-01,1
3.910719826614027284e+00,3.701246395684646640e+00,0
4.023459209013021121e-01,5.736409018753275690e-01,1
1.184770061367808491e+00,-2.375702935887849421e+00,0
-3.716079189969097918e+00,3.118728424592913218e+00,0
2.041915113746842536e+00,1.373439502914290289e+00,1
-2.210363715536835638e+00,-3.427485266697450683e+00,0
3.031322273810026502e+00,3.063679817629209712e+00,0
-2.533368369329383807e+00,-1.447585906294897695e+00,1
-1.133967502913475256e+00,1.100039900585252139e+00,1
-2.508445939098252087e+00,3.328708925312361178e+00,0
-8.121373514066451138e-01,-6.394516189598522526e-01,1
3.604374838326660946e+00,-2.081444712142248576e+00,0
1.456875997829031544e+00,-3.891342848491599504e+00,0
-3.075228728223275532e+00,3.530718230727656337e+00,0
5.321889416882493729e-01,3.035738829832250740e+00,0
-2.693071858637029692e+00,-2.370077868498178919e+00,1
-3.260385839480254067e+00,-3.876672063764814435e+00,0
-3.793634723223339833e+00,-2.394073831855564549e+00,0
-2.973918835257493232e+00,-1.489188793695219282e+00,1
3.995095967530361669e+00,3.930193968944575733e+00,0
-3.582720732291894694e-01,3.813048333746354768e+00,0
7.299968092970481326e-01,3.761136300447582403e+00,0
3.372095762964432808e+00,-2.945065825880952559e-01,0
1.776395617801750371e+00,-7.330472822252644960e-01,1
3.492533019976502562e+00,-2.273465494817478838e+00,0
-2.155208865468046131e+00,7.404901318134923249e-01,0
-3.322247240363159104e+00,3.857399002849747571e+00,0
-1.480895694380033545e+00,6.480965234301451217e-01,1
-2.055447267949586987e+00,-3.907473830376037238e+00,0
-2.999917077036402535e+00,-1.484414346279739061e-01,0
7.085508072927757528e-01,-5.230241380235002291e-01,1
9.479963977543492959e-01,2.863279323953440869e+00,1
-1.331766751176309382e+00,1.429598205527511601e+00,1
-1.078357599458330124e-01,2.408092580368289770e+00,1
-3.026136474343719129e+00,-3.343101703789763679e+00,0
-3.795663029296253654e+00,-3.754327635252999951e+00,0
-1.034250144585278974e+00,3.040026079748727295e+00,0
-1.459173213301846017e+00,2.356325257781352878e-01,1
-3.096465788061174340e+00,-9.462023241657453454e-01,0
-6.245985963286510012e-01,-1.777184023301445981e+00,1
-3.553125588989310746e+00,-3.367527460706877473e+00,0
2.319073701093349094e+00,-1.206931094419513073e+00,0
-2.574943904815790496e+00,5.643149503715447768e-01,0
-4.729804440291476841e-01,-3.091532329168084736e+00,0
3.085660801108629503e+00,-7.953819846844299990e-01,0
-3.045534471960006595e+00,4.685963629102404826e-01,0
2.048650879685970594e+00,-3.665452726151450791e-01,1
3.002770350053553639e+00,-3.176151169561985732e+00,0
-3.957709990315139592e+00,5.433350925845582546e-01,0
3.378496824155583944e+00,3.331155907858543319e+00,0
-1.962812637905657631e+00,-6.860286693780228706e-01,1
2.983051408132127325e+00,-3.794792424879472659e+00,0
1.041381006469314974e+00,3.606262765331610609e+00,0
-2.100350982008946765e+00,-1.387257835080331070e-01,1
-3.905976861464498295e+00,2.122081155159046162e+00,0
-2.965485024972104089e+00,9.871056426307492915e-01,0
1.715392486720166865e+00,-1.547005305623115001e+00,0
1.612311139877567134e+00,3.251421615724138015e+00,0
-8.360783560652368385e-01,1.664026993221882744e+00,1
9.369717001041203419e-01,1.432235114222763783e-01,1
-7.393239399870348005e-02,-2.153904773194584177e+00,1
2.312435724840976814e+00,1.520805095416539965e+00,1
2.140116145895030630e+00,-6.324757308117833210e-01,0
3.221967291413765810e+00,-1.851578259046392061e+00,0
-1.684063202454265218e+00,3.942530511793274961e+00,0
-9.169617901359551349e-01,2.175135741297087311e+00,0
-3.009024193395966496e+00,1.787177458901318294e+00,0
-4.942465051733550552e-01,2.716242198439523303e+00,0
1.713919921546444902e+00,-2.974549576641573712e+00,0
2.025160297426695344e+00,-3.542826814036491800e+00,0
-1.556914459532287021e-01,2.220586820457825183e+00,1
-1.885033997360542113e+00,1.571374676121789715e+00,0
-9.783795691119981930e-01,-2.387550283133749840e+00,1
-3.296290818003019485e+00,8.486092167777574691e-01,0
3.129135403110781866e+00,-6.462633450958684689e-01,0
3.101832342997334901e-01,3.843732244665830855e+00,0
2.397564348166704828e+00,1.240167887224006282e+00,1
3.898488263872343040e+00,3.367620665044354089e-01,0
-7.986017439554210506e-01,-2.011462103030012827e+00,1
-3.711500218402602247e+00,2.513952787234904895e-01,0
-4.216580131868230552e-01,3.787441658024889524e+00,0
-1.226168231534689346e+00,2.760228899251094159e+00,0
-8.431624462342001136e-01,3.437785290494066892e+00,0
4.848675884606005737e-01,-2.903601067587317619e+00,0
-3.057667860013548733e+00,1.233999951972447828e+00,0
-2.075289305270493490e+00,3.207627289676721283e+00,0
2.158644692519369190e-01,2.646899474389740714e+00,1
9.075417930698793656e-01,1.969234616268008553e+00,1
1.377559451936991808e+00,1.336840621625850822e+00,1
-1.897535198973472337e+00,1.969672222055123045e+00,0
-1.064658091923386340e+00,3.532364232750290878e+00,0
1.736886393405993601e-01,3.403039807429099284e+00,0
5.833765390118451633e-01,1.632885036868260809e+00,1
3.412647670278478262e+00,-1.988047362383366323e+00,0
-3.587375921597493189e-01,4.219337673375005426e-01,1
-3.257948053453371351e+00,5.112224200132228225e-01,0
1.542408122485428246e+00,3.315184225258824835e+00,0
-1.593254554675403778e+00,-3.815790805563555210e+00,0
1.290584894968068497e+00,-2.790714711265699921e-01,1
-1.059598531505149710e+00,3.354649090413685641e+00,0
3.331522748133244782e+00,4.420169892809766021e-01,0
7.934282911916286096e-01,-2.901928469490132612e-01,1
-2.903714711005989102e+00,-8.800677141184246599e-01,1
-2.126478508199867168e+00,-1.434474199096575253e+00,1
-2.979001558940039263e-01,-2.852733223863395562e+00,0
2.964556283749730792e+00,1.470302183533293450e+00,1
-3.887442622721725360e+00,3.868825363766189351e+00,0
-2.397696183228136046e+00,-2.435839586890962138e+00,1
1.814679874243010360e+00,-1.668496755659325537e-01,1
1.594550219160392635e+00,-1.616628845950338345e-01,1
-3.485340184651495754e+00,3.053784044872470904e+00,0
-3.211210959717010649e+00,5.999398239841132741e-01,0
-2.526347667745330927e+00,-4.322154502109694096e-01,1
2.968049952924525781e-01,-1.577766995179874732e+00,1
2.174337522076355445e+00,-1.265804655010453361e+00,0
-5.245712654675376285e-01,-3.015346260404160539e+00,0
-3.498938422492855249e+00,1.631193386801647049e+00,0
2.541195214398347169e+00,-1.232381877024411931e+00,0
-1.645788800819826703e+00,1.046020628525172969e+00,1
7.244824631411606042e-01,2.068756684044369631e+00,1
1.395831578534441508e+00,2.750830404135039764e+00,1
2.704626519285106667e+00,1.090995318612734355e+00,1
-2.815398673989649936e+00,1.983629769529063225e+00,0
-2.673850723032390686e+00,1.526037546573361325e+00,0
-1.145817999475975783e-02,2.991650169958429029e+00,0
2.701102608802827820e-01,3.908349828417071681e+00,0
9.681475547508080481e-01,-1.225587586638665849e+00,1
2.916600757857207071e+00,5.597000790587123298e-01,0
1.606554963825965077e+00,2.383466377629932964e+00,1
-2.443757189993230050e-01,3.084057741028375599e+00,0
3.679424136622804209e+00,3.656065051019921519e+00,0
-1.920149887818833889e+00,2.173032260214436739e+00,0
3.987595462692431703e+00,-1.221599533336129362e+00,0
-9.621760773047421944e-01,1.350492563024102921e+00,1
-1.110950622431240209e+00,3.351450563631783730e+00,0
-3.540413704907232173e+00,1.329716497169143086e+00,0
8.865449503717277580e-01,3.272589456934856589e+00,0
-2.623448795112381937e+00,2.636421373707590554e+00,0
2.754147328816660689e+00,-2.277403187991170253e+00,0
-2.897019243194689953e+00,-2.790470365576764422e+00,0
-7.243100356639897708e-01,-6.863416835848455966e-01,1
-2.663778300617052341e+00,-4.622254288859218296e-01,1
-1.825906011123343609e+00,-3.003514703806263064e+00,1
-1.245777505168294995e-03,1.983150010937825947e+00,1
-3.998695559303897973e+00,1.801638728484783680e+00,0
-1.276053700484543141e+00,-1.804451437216395782e+00,1
-2.057271050171307181e+00,-1.163706069473274374e+00,1
2.887814129672767294e+00,1.452680318638925216e+00,1
-1.208165400528324662e+00,-1.047254474025953286e+00,1
5.094169398656854530e-02,-3.566339289592651340e+00,0
-3.335407644449077669e+00,3.429488723564934283e+00,0
3.039991835362080064e+00,-2.523758878905867586e+00,0
2.727753878889239925e+00,-3.591820995458987920e+00,0
1.882858219831589519e+00,-5.829086769967433135e-01,1
-3.091458424902887359e+00,-1.606853211235862444e-01,0
1.094575172291534670e+00,2.638751366330585046e+00,1
-3.710413163169861583e+00,-2.359050781421343057e+00,0
-3.382808812819722455e+00,1.651504362597488784e+00,0
2.766665780005566955e+00,2.057935239835870789e+00,1
1.691897207266435776e+00,1.205114169555677517e+00,1
-2.401235396844348724e+00,-2.010535488326326892e+00,1
-2.474649228607134877e+00,2.538284903628144296e+00,0
-3.281931785780035860e+00,-5.466443199872805803e-01,0
3.975819784585749694e+00,-3.412845158386354605e+00,0
-8.113812752655382710e-01,3.417672914795414574e+00,0
-2.312184793596884447e+00,-1.156894947045044475e+00,1
-2.223483814688731908e+00,3.957001637292984597e+00,0
-1.913771000427366475e+00,5.892438676175271867e-02,1
1.110145033054224184e+00,2.710673012921092528e+00,1
-3.030994656678068777e-01,-3.791556674148206962e+00,0
-1.436297854109498839e+00,-3.708201069661382299e+00,0
-2.818590057566639828e+00,-2.379423847305301987e+00,1
-9.884652935593862821e-01,-9.783219633396299519e-01,1
1.473353651124032604e+00,2.430978635673739952e+00,1
2.414842469685130888e-01,3.839720123920778772e+00,0
-1.126292406625622577e+00,2.196338790599607904e+00,0
1.663284620370179434e+00,-3.274931632279965310e+00,0
-2.280180648989325487e+00,3.857557440502764390e+00,0
2.311890238289567190e+00,-2.811041609030324739e+00,0
-4.827125091281556646e-01,-2.012981290977176596e-01,1
3.112321606040099997e+00,-2.166188232068585684e+00,0
1.575499820494030701e+00,4.140257447805720803e-01,1
2.225374772108187127e+00,-2.715836088436590856e+00,0
1.018508770515404033e-01,-2.867301385337037711e+00,0
9.328521590260865359e-01,-2.356081737249576147e+00,0
2.017435123584439438e+00,7.398996039084827503e-01,1
-2.622912886519472409e+00,1.824626810529362375e+00,0
3.358145463467209435e+00,-2.439708468091561944e+00,0
-3.848181140065412897e+00,6.814584210405015829e-01,0
-4.916616775200452483e-01,1.264168625622752673e+00,1
1.382596032003474029e+00,-8.587801608021353728e-01,1
1.700922862998154095e+00,-2.910817703112904553e+00,0
3.839020071435067294e+00,2.904805050954532231e+00,0
-2.803694870814951168e-01,-3.663616940714140124e+00,0
-3.846157122274225237e+00,2.508642102007943020e-01,0
2.582870725711048365e+00,3.113852822513434315e+00,0
-2.999938277529359709e+00,3.500607523457333503e+00,0
-3.915647344190735790e+00,-3.596987317885573354e+00,0
-2.571909736573941285e-01,-3.274638913346828328e+00,0
1.280016345283973456e+00,-3.275674882485609896e+00,0
-4.354963618225772271e-01,3.420410332775506212e+00,0
3.957373003847195481e+00,1.103567614033207800e+00,0
-1.233974205033016247e+00,-8.197774423130612664e-01,1
-1.691195740773340894e+00,-3.051240021207188402e+00,1
1.086428062199241484e+00,7.780724821016691273e-01,1
-2.918940707726264794e+00,-7.244481587160180869e-01,0
-3.411175556104382611e+00,-2.339892019306724080e+00,0
5.214752352056524209e-01,-3.326883271477577342e+00,0
3.417619320971478913e+00,2.124561380710044300e+00,0
1.843359457070213425e+00,-1.429937784480570073e+00,0
3.537293714608408468e+00,-1.454083250322364185e+00,0
-9.261829733165961587e-01,-1.179649527219638339e-01,1
-1.066131141486746481e+00,-1.983057314048671360e+00,1
-1.725860052048540760e+00,8.753718303154709446e-01,1
-3.111167743811889874e+00,3.156852617083531154e+00,0
-2.457858558046151387e+00,3.315455084878080050e-01,0
6.682438692725070073e-01,-3.620565615165031836e+00,0
3.368737218932273958e+00,-3.527161537316711115e+00,0
-2.747668550497644802e+00,-3.196584430311670832e-01,0
-3.199450051526288252e+00,-2.122891332667978137e+00,0
-2.004001571120721081e+00,-1.106432116766524532e+00,1
2.782630470943369794e+00,2.624719967505233509e+00,1
8.635319955872243769e-01,2.755014969610717568e+00,1
1.649009272246139579e+00,-2.144727917233932857e+00,0
-2.207775544710362414e+00,-3.402534989988915459e+00,0
-3.530511794494199052e+00,2.603552283765611985e+00,0
4.566317507474207948e-01,4.964813002937036868e-01,1
-9.112812190481210939e-01,-1.744577977694411697e+00,1
3.531121586698785286e+00,2.360444359693171457e+00,0
-3.069636825521198986e+00,-8.212845934401014070e-01,0
-1.855961617318800716e+00,-2.926549294593757899e+00,1
-2.300038868846944862e+00,-1.582011671673139608e+00,1
1.471223688165866905e+00,-2.609011766346502004e+00,0
-3.773649186488332141e+00,-2.543934378280682029e+00,0
1.336026083650151630e+00,1.100772863274398494e+00,1
1.614931302672822921e+00,-8.083387565919408768e-01,1
1.323574699070014571e+00,2.270661812622933429e+00,1
-2.195435219121506076e+00,3.185544770599567865e+00,0
-1.585390395459822299e+00,-2.563830994767744009e+00,1
-1.078366070484161554e+00,-3.229392818238264073e+00,0
-3.073359732352273443e+00,7.688354494406257622e-01,0
1.410208849338321135e+00,-1.813002398460336062e+00,0
-6.424685009108160871e-01,2.070058987991649779e+00,1
1.654370399439121009e+00,9.389657476387687149e-03,1
-2.661577004089755505e+00,-6.825670286441569701e-01,1
-3.902890609987245796e+00,-2.587039648513549839e+00,0
-4.928349800912655843e-01,-1.052034460095577773e+00,1
-2.749621409098223168e+00,2.331255282370069626e+00,0
-6.145101404897837516e-03,-1.801713211124569503e+00,1
3.443277857607261794e+00,2.887245492481568032e+00,0
2.361793655775865197e+00,2.376084451053996016e+00,1
1.987046742732957894e+00,-3.309898038087830230e+00,0
2.528869758029327564e+00,-1.931705101042555883e+00,0
4.276983926274470216e-01,3.760520348433978199e+00,0
-3.691622245900999744e+00,-1.887076633559678251e+00,0
1.053559399637125304e+00,3.331032542908777483e+00,0
7.807233349464061112e-01,-1.557188082293165188e+00,1
-1.396575781040025444e+00,-2.578817812292247158e+00,1
1.927788992554762881e+00,-2.289498001373998726e+00,0
-3.918819827328762440e+00,3.115195386816739020e+00,0
1.297371618346727429e+00,8.130219932119356896e-01,1
1.876333927915808442e+00,2.531704455325681558e+00,1
-3.806250677735544818e-01,-7.843055339027535933e-01,1
3.479218039899790504e+00,1.861236395438634408e-02,0
1.538891831162965962e-01,2.268349389114974635e+00,1
-3.931458653770800282e+00,3.547556190751216310e+00,0
2.105858101624094869e-01,2.278489198854524833e+00,1
-2.650561385827528316e+00,-2.386360001321160773e+00,1
3.173078199957968693e+00,1.101336426848917194e+00,0
-3.821855669147108392e-01,3.207033612810541889e+00,0
1.741903669453305215e+00,-2.361099919567116956e+00,0
2.906212628163533807e-03,7.895814614317916424e-01,1
1.792105353092193987e+00,2.032037382766236633e-01,1
2.918319326325584662e+00,-3.762458245150662961e+00,0
-6.278189030036896989e-01,-2.250139361440386399e+00,1
-3.813400492645382833e+00,-3.934984407563227204e+00,0
9.885499100598340583e-01,1.324963642675656972e-01,1
-2.950354779294616314e+00,1.994752718330644381e+00,0
3.059259102015969400e+00,2.786258310647664160e+00,0
-3.431810185929372814e+00,9.281308165797516052e-01,0
3.584385969968290730e+00,4.127958657305881296e-01,0
-3.872367869312413058e-01,-3.732725734022202868e+00,0
-1.095314763508121958e+00,1.877768967252024135e+00,0
3.042329383396732201e+00,-2.312578772822249995e+00,0
3.900221677871102077e+00,-1.312011200090117846e+00,0
-1.975894404264108561e-01,1.127194983375378712e+00,1
-2.881723012590089894e+00,-2.294927949991516059e+00,1
-2.729450827736289664e+00,1.122864748061713991e+00,0
3.325846528222438092e+00,1.616106585861017741e+00,0
-1.429066077192935047e-01,3.051385007614547895e+00,0
-1.478185231140229705e+00,-1.338092581102335643e+00,1
3.726886530879900850e+00,-3.035943289976574366e+00,0
6.945980782766577599e-01,-1.869270508877035386e+00,1
1.682613312204098044e+00,2.243919896991342089e+00,1
-1.515894266369617105e+00,9.743391292050173069e-01,1
-1.361919510946668188e+00,1.686392431797101965e+00,0
3.309684258425465764e+00,-1.416114465847083226e+00,0
5.764219594697846949e-01,-2.037947973479785180e+00,1
2.185472239223392510e+00,1.020436343369873322e+00,1
-3.693424077481571199e+00,-2.012502195600715194e+00,0
6.132696315053784986e-01,-1.316023340774467920e+00,1
-1.813281431261108967e+00,-3.336594915198469735e+00,0
-1.859808027188344592e+00,1.033158184410624347e+00,0
3.205187483284325012e+00,-1.422516386328570137e+00,0
6.893888160663830256e-02,-9.704044895622740419e-02,1
-1.024468562073308497e+00,3.509010467344302331e+00,0
9.533652270610476487e-01,-1.991453698496096658e+00,0
3.603381571711759879e+00,9.046471462362856153e-01,0
3.468924870889909862e+00,-2.486432688767875820e+00,0
-1.894392400543678745e+00,-3.602125388866972422e+00,0
-3.435822077894319815e+00,-2.911852422147004127e+00,0
-3.048077413231927935e+00,-2.580640066187208870e+00,0
2.229245155947962242e+00,-2.917183383549152964e+00,0
-1.421568921999262880e+00,-1.184085720886160820e+00,1
3.008978020116619412e+00,1.046757382106960454e+00,1
-1.904440665896702578e+00,-1.591295705456607701e+00,1
-8.257044427974401524e-01,-1.528074401839179197e+00,1
3.422317595368516763e+00,-1.922134162426634596e+00,0
2.144413743051628352e+00,1.960352643581527499e+00,1
-1.286059581088400960e-01,2.475748384298420035e+00,0
-6.370905298779235837e-01,-7.435920552087578184e-01,1
-2.673062234996810727e+00,3.781393331743283071e+00,0
-1.235707870292478194e+00,-2.480189484060134397e+00,1
-3.169396596088994933e+00,2.710471519238644600e+00,0
1.789662996751520962e-01,4.516447310608148746e-01,1
7.414044829678672066e-01,1.313638817500674127e+00,1
-9.524471961619637717e-02,4.216833692680523882e-01,1
2.903117267735294771e+00,3.868530834015108333e+00,0
-1.236224875941750900e+00,-2.434222263495964267e+00,1
1.014252907845431650e+00,-2.585608296567715847e+00,0
3.751651498832420106e+00,-2.115311017979454977e+00,0
2.669118634559806136e+00,3.553686932772459173e+00,0
2.148997314000026915e+00,3.095262632159085925e-01,1
1.103267525021955686e+00,2.606278305056580091e+00,1
-1.723298806256257976e+00,1.998340980191756211e+00,0
-9.091878232498693535e-01,1.698248960417521269e+00,1
1.809685716167527270e+00,-3.161102863632829330e+00,0
-1.423163852117135697e+00,-1.047538087451984401e+00,1
-2.365012414016320896e+00,3.303040171817384518e+00,0
2.779001310319267226e+00,3.306788952620145494e+00,0
-3.429113601268292122e-01,-3.150241456266088313e+00,0
3.150560671651985611e+00,-3.346079491341645840e-01,0
-2.452500587192933512e+00,-1.132217074932877265e+00,1
1.327193276087168528e+00,-4.165780192969493201e-01,1
2.034452587085713748e+00,-2.775296132517269143e+00,0
1.958805559842009103e+00,-3.033765416611392762e+00,0
3.474092430033754120e+00,1.143026576811927209e+00,0
1.240903621724029904e+00,2.047012934542652207e+00,1
-4.380639466695557815e-01,1.285214401846893617e+00,1
3.898781066072282808e+00,-2.281785512896776336e+00,0
8.195281828244200817e-01,-2.058757389862502507e-01,1
-1.466406763790490064e+00,3.798336948605003371e+00,0
-3.854955717162261042e+00,-1.179955004437538646e+00,0
4.586724962104071213e-01,1.449654248280127788e+00,1
-3.587352064239478722e+00,-3.181525681602541678e+00,0
-1.906028907307016684e+00,-1.274035440502755190e+00,1
-2.112561536680955143e+00,2.662013858278986067e+00,0
-1.429586595815946215e-01,3.982042863171868063e+00,0
3.776827610370634414e+00,-2.101494134761102028e+00,0
-1.282190228108368135e+00,-3.044586971967715439e+00,1
-1.581702788379495850e+00,-2.702947253543193984e+00,1
-1.731697026127809291e+00,-3.512682514990571825e+00,0
3.918543069196470441e+00,1.887444956429846110e+00,0
1.907613907556489297e+00,-3.205392788319732844e+00,0
-1.116109506699531240e+00,-1.560741862000130986e+00,1
-1.159649576414333895e-02,1.141452552144390120e+00,1
2.119306107978629949e+00,5.205300256200317000e-01,1
1.586556153937686453e+00,-2.737201127029129211e+00,0
3.220924894945350392e+00,-1.466148482005927844e+00,0
8.152041010230953733e-01,-2.524791676876443791e+00,0
1.167841695555356211e-02,-3.344274295005131847e+00,0
-4.744847322959799829e-01,2.401630192651648787e+00,0
1.269122359410152168e+00,8.372165422335725582e-01,1
-2.558018427036960474e-01,3.375332272249929932e+00,0
-2.781844624997172222e+00,2.046983011516156026e+00,0
3.205270101668186822e+00,2.464463163418709080e+00,0
1.354604847714842464e+00,2.088996631171650353e+00,1
1.905719423414625524e+00,1.090740648097071608e+00,1
-3.390844362294937575e+00,1.196091052460616533e+00,0
1.445347311391410594e+00,-5.218337574117315469e-01,1
5.709392292823742832e-01,2.803553680412107507e+00,1
4.548388888978799893e-01,-2.610067992193519260e+00,0
3.073945961265665883e+00,9.499973640986847379e-01,0
2.802944652715865015e+00,-3.791902845997643823e+00,0
2.833930589373819586e+00,2.144940413045649752e+00,1
-2.096776620681358061e+00,3.431094718376858310e+00,0
1.629818659192487695e+00,3.161498348582851836e+00,0
1.539528900174884640e+00,-4.992107677105718788e-01,1
-1.636764934920722947e+00,2.509316326841148914e-01,1
1.308078516198927677e+00,-9.031359343645696258e-01,1
-2.522195938035864504e+00,-2.376060522581274093e+00,1
3.479722195110331651e+00,-3.352866663520759793e+00,0
-1.203141174275903502e+00,-1.497537076631773933e+00,1
-3.276021401008383904e+00,-3.846811529847727673e+00,0
-3.718169355649214136e+00,2.441261487802516061e+00,0
-4.263968588401520488e-01,3.460475226949336403e+00,0
-1.507186103721798176e+00,-1.114832621322311423e+00,1
-3.976284306580508687e+00,-2.949141862869426589e+00,0
2.949060305194386000e+00,-1.293960316688975487e+00,0
-2.605057200945126272e+00,1.879347652044304429e+00,0
2.793642926697649020e+00,-1.258618125491294926e+00,0
5.948499842666757909e-01,3.983960072634760152e+00,0
7.279246245763661971e-01,1.422612572793802377e+00,1
-1.365122709694440717e+00,-2.079591667364853347e+00,1
-5.561396672842137123e-01,-2.385759413997982220e-02,1
3.672207505474825329e+00,1.807231553940690238e+00,0
-3.483392024879112370e+00,-1.212104283331625343e+00,0
2.947738615712808929e+00,-1.237170016738459832e+00,0
1.765437144237655742e+00,1.164488146941184687e-01,1
-2.017238448796814687e+00,2.180477813647568208e+00,0
-1.679396023913814595e+00,3.651037977796907086e+00,0
4.102103389310954862e-01,-3.505035598602661118e+00,0
2.030696409693022453e+00,3.302345764838252151e+00,0
-3.284659022933669625e+00,3.203623502067706852e+00,0
2.799553801094608385e+00,-2.085996405529718878e+00,0
-3.083007770540397097e+00,3.234571590794583784e+00,0
-2.795399764770420514e+00,3.830389721067177344e+00,0
-2.572224321589052121e+00,-9.765346929693163869e-02,1
6.884910734702429647e-01,-1.199621179705183005e+00,1
-1.228934977305459419e+00,3.119661994841228747e+00,0
4.627586480842508787e-01,-8.034161440431607515e-01,1
-1.311216639641666903e+00,3.631237102826314178e+00,0
-3.801479800381118324e+00,3.584345653798134190e+00,0
-1.574392265871295660e+00,-2.371282281106560641e-01,1
8.608390405699096748e-01,1.296747411154817398e+00,1
-3.057821930901027496e+00,-2.234769316186009824e+00,1
-9.579345731107367090e-01,7.746950837928888722e-01,1
-3.613065769966822049e+00,-1.539960510500706592e+00,0
-2.126379433762437099e+00,6.904644426158591530e-01,0
-1.613059887687344984e+00,7.175107633999162626e-01,1
-2.297227459989754639e+00,2.485168189464519006e+00,0
3.995009024865987080e+00,-2.349124846086590779e+00,0
-2.392600683421583774e-01,3.387643186971283527e+00,0
2.645081963234100719e+00,-3.726793882888741916e+00,0
2.369961735101041023e-01,2.203516340609026791e+00,1
1.158531510546250975e-01,1.843043705509891605e+00,1
-4.684484835638964006e-01,-9.597462877969433759e-01,1
-1.550281361028090998e+00,2.640797092529179491e+00,0
1.144116955842134242e+00,4.693580930820273611e-02,1
-1.160946120227529521e+00,3.544598746172766823e+00,0
2.654769621410209446e+00,-5.191262698676977205e-01,0
-3.118926621260357912e+00,3.073170658400710686e-01,0
-1.502241050697596281e+00,1.347033146394343017e+00,0
3.971335087563780952e-01,-3.173249107355156085e+00,0
-1.130855771571010582e+00,2.929255750958228988e-01,1
-9.941412760485391908e-01,3.650510329057564451e+00,0
-1.562429359792990802e+00,3.940790898893993255e-01,1
3.263404648787624041e+00,-2.825914386751681828e+00,0
-5.569169891182801369e-01,1.052221637544072275e+00,1
-9.050007224153905350e-01,1.353982413900550519e+00,1
-4.508863492404739937e-01,-1.569568330026750447e+00,1
3.279041391413990425e+00,2.877340667035877431e+00,0
6.624357321471739946e-01,1.735999339142814124e+00,1
4.064703831406409895e-01,-1.174656864412133794e+00,1
-1.079308719868350419e+00,1.215925319816240968e+00,1
1.586185749697610836e+00,-3.061422842102360597e+00,0
2.021927951599129525e+00,1.315826605102629498e+00,1
-7.052856127526425656e-01,3.528918145843390253e+00,0
1.792391084039645088e+00,2.958651680750404300e-01,1
2.057513419633727469e+00,-3.056558533360069330e+00,0
2.144835101708945313e+00,-2.773197325295185145e+00,0
2.609577351649162491e+00,1.782172882255838031e-01,1
-2.926295258283607481e+00,2.722415065513686283e+00,0
2.034269329451147967e-01,-1.448658435576048342e+00,1
-3.187777678950624027e-01,7.365729212773003409e-01,1
-2.864560046489255107e+00,-3.201786928385239595e+00,0
1.102112259774042230e-01,-3.977329210812628801e+00,0
1.546724173435958916e+00,3.107230979417915151e+00,1
-8.691836376934298780e-01,1.960923698116156411e+00,0
-3.915651127503418039e+00,-1.341102002139347438e-01,0
-2.256519259076453565e+00,2.504348016830221013e+00,0
-1.984539210979642698e+00,-3.098161763405653080e+00,1
-2.269993410702472403e+00,-1.435397413966406743e+00,1
-8.455098308207987801e-01,9.040949246593601440e-01,1
-3.062847168720185920e+00,-1.246047453619364420e+00,1
-1.163241563549012314e+00,-1.181889443869937439e+00,1
6.759247557871936873e-01,4.850462830652467749e-01,1
-9.390878483261170251e-01,-1.630883825674793730e+00,1
2.469795887317969840e-01,-2.829053082748704373e+00,0
-1.117045351122919028e+00,2.370206985815388023e+00,0
-1.563525946417700041e+00,3.792534023207885685e+00,0
-2.017691869211561073e+00,-1.677348779368615261e+00,1
3.717739375921680800e+00,2.393960321160824467e+00,0
-5.997419962076283584e-01,-1.936476373202936196e+00,1
8.627666300960945556e-01,-1.058397000873806837e+00,1
-1.148155533813470575e+00,-3.353483353285198199e+00,0
-3.015476523556983035e-01,-1.381513343133596416e+00,1
3.244631113741041961e+00,-1.417638475968868494e+00,0
3.019863442278385879e+00,-2.348879953629010142e+00,0
-1.085826912730867067e+00,-3.615345888661506635e+00,0
-3.182450443866078338e+00,-1.726353416589946566e+00,0
3.100148542215696690e+00,1.746588194397165950e+00,1
7.604163531058406589e-01,-2.855422092193396377e+00,0
3.703232126584132811e+00,-1.329209253233897048e+00,0
6.267825852966162348e-01,2.127315287054131421e+00,1
2.961456828039447098e-01,-1.349828397860638018e+00,1
-3.945421835315144676e+00,-1.079922450760551350e-01,0
3.316640434256974856e+00,1.450507241823804049e-02,0
-3.371869612412059958e+00,-2.921426018725898466e+00,0
2.899361582858465347e+00,-1.404731024026735442e+00,0
3.196403147118032972e+00,-2.914964713808295915e+00,0
8.054040042727216298e-01,6.056558358317927493e-02,1
-4.512184640741046526e-01,-3.511183884255229426e+00,0
-2.299233734083177438e+00,-1.671675525784795946e+00,1
-1.854399751536617513e+00,1.106787724836452380e+00,0
-3.763560154586528039e+00,-2.314115805099134171e+00,0
3.632721404113735453e+00,1.629635285503592712e+00,0
2.220496693028773727e+00,-3.189359601200851380e+00,0
-3.414100203199220140e-01,-2.730425444595042883e+00,0
-1.235106441203546179e+00,-3.742200305734074028e+00,0
-2.890300533407845762e+00,-3.110013182938142773e+00,0
-1.129859919702404181e+00,-3.654233614744016312e-01,1
2.096578047266578260e+00,-3.964726973825283829e-01,1
1.664537809456404505e+00,3.920445256338178641e+00,0
3.920971902465794745e+00,-1.299608019967797068e+00,0
6.853975596315579066e-01,2.166513040115004785e+00,1
-1.661317862647806232e+00,5.827956924118179449e-01,1
8.045609163120884810e-01,-9.208965908762767327e-01,1
2.836791787072548754e+00,3.948020875728426304e+00,0
-2.389548524941190522e+00,-3.540953683276573560e+00,0
2.233182599540709745e+00,-2.644779925933085973e+00,0
-3.136068625296020151e+00,-1.685450239189064892e+00,1
3.605258732050428794e+00,7.897843128956782977e-01,0
1.100239299151356320e+00,2.392038217579566250e+00,1
-1.918597650375581665e-01,-3.644221134859574107e+00,0
-3.339812249327535287e+00,3.494621640730553591e-01,0
-1.605776861913863485e-01,2.702389806814372575e-01,1
3.731856045677414802e+00,-1.590323596740774059e+00,0
2.743359815191854789e+00,-3.659830902250446272e+00,0
3.743343054687025440e+00,3.711905185974035071e+00,0
-3.407911245760601560e+00,-3.953100133127103621e+00,0
3.992348150302448051e+00,2.206105555005041907e+00,0
-2.323733115945532113e+00,9.702206156744619392e-01,0
8.506612274167114629e-01,1.885167463872515770e+00,1
-1.189203988735884954e+00,1.146037067549303679e+00,1
-5.939999904745509873e-01,-1.141624730805352650e+00,1
-2.396123585563144864e+00,1.484034948609774807e+00,0
-2.871710714523898478e+00,-2.583389095878795949e+00,1
-3.662232338205834381e+00,-1.043137976496104180e+00,0
2.949795129194086929e+00,5.146280073911095598e-02,0
-2.374136721880888423e+00,3.265591691206270131e+00,0
-3.602610472378219075e+00,1.948369025684016265e+00,0
1.268180167994036323e+00,2.354973191012364353e+00,1
-1.424007195317981811e+00,3.035987502693598739e+00,0
-3.783470493595577633e+00,-1.606384357486314141e+00,0
5.891322463801296205e-01,-2.589033807667635134e+00,0
2.344356644738272433e+00,2.495852818327452205e+00,1
-2.438514376157331132e+00,-1.226201739190265982e+00,1
-2.782504471674232871e+00,3.525846938096757199e+00,0
-2.877788659650527769e+00,3.199960911695810539e-01,0
2.258071542826051381e+00,-1.540877695154408755e+00,0
3.500347343825091162e+00,-3.209299323479934074e+00,0
-2.677388126720655848e+00,1.441817133871109435e+00,0
3.426785827609585056e+00,1.444325057180087635e+00,0
2.767909843279331650e+00,2.876866726399465612e+00,1
2.148938000438351814e+00,-2.368696644819120234e+00,0
-2.541928414274211789e+00,-1.775973932390120691e+00,1
-1.055138364321118072e+00,3.981464032033351863e+00,0
3.450931797116171484e+00,3.811170600299558675e+00,0
-8.435662997216896164e-01,-1.046147431726868859e+00,1
2.649592347334770448e+00,-3.471861785960533187e+00,0
-3.980575245736340584e+00,-2.169979807211918299e+00,0
1.849415040381416908e+00,-1.268177834153750627e+00,0
2.485221277730225165e+00,3.549387911031561593e+00,0
-1.551471259128992308e+00,2.157018092349512806e+00,0
1.973345953367912298e+00,-9.767436738450860911e-01,0
1.470986188099022707e+00,5.654779576576346445e-01,1
-2.813814343597439205e+00,-2.261872019904490827e+00,1
-1.658575107820542405e+00,1.740833665098141525e+00,0
-2.866293284469953129e+00,-2.407000996839311124e+00,1
9.072201383066641478e-01,-3.578957946944093749e+00,0
-3.170161621277847175e+00,4.502231143485447840e-01,0
-4.029590233318239845e-01,-3.783311650388800462e+00,0
1.714384679038261750e+00,3.986911548570221342e+00,0
1.274149641910049757e+00,1.178164136707375853e+00,1
-8.472890303861251304e-01,-3.879463985773303758e+00,0
-3.121614242660832428e+00,2.128809731431680063e+00,0
1.651006023264940392e+00,-3.928815478544219086e+00,0
2.298941553334271415e+00,-2.532072058264747572e+00,0
1.117502883186023199e+00,-3.232646332851523585e+00,0
-3.047352933937318653e+00,-2.821040536307903412e+00,0
3.240729924837101539e+00,-2.004154013767924791e+00,0
-2.737460651500193798e+00,8.574033942241192641e-01,0
-2.661616772267779929e+00,2.052225149132385518e+00,0
-1.280883643218774015e+00,3.710928899363636457e+00,0
9.405052793855965820e-01,3.038601818832667334e+00,0
2.450279621734197666e-01,3.135608512257262337e+00,0
-1.103097463950952539e+00,-1.738442221168416069e+00,1
1.554586238913298279e+00,6.692651793540370653e-01,1
2.664498358218419405e+00,1.890325365681848391e+00,1
-9.009856946056837845e-01,-3.441926522737601690e+00,0
-9.187020081716255060e-01,-2.515593686982853683e+00,1
-2.782539090162970297e+00,7.075235593942151846e-01,0
-2.216431831618151715e+00,-3.001553902341330016e+00,1
3.288330475709903555e-01,-2.107150515538868341e+00,1
6.822592050184216328e-01,-2.366711770577818008e+00,0
3.405019824705063924e-01,7.115745178198707999e-01,1
3.861921018532127103e+00,3.550501634392735362e-01,0
-2.568579431178907413e+00,3.223955493950646289e+00,0
1.606136610170109558e+00,3.616272463950032101e+00,0
-3.773662322013006776e+00,2.014800163999084681e+00,0
3.443284918286041663e+00,-5.047250495761572697e-01,0
-3.462709194826801173e+00,-5.493452928875693919e-01,0
3.612738979549593665e+00,-1.438972213188074445e+00,0
2.905209105919738466e+00,-2.165632319829312813e+00,0
-2.873187489838078257e+00,-2.105343841770928481e+00,1
8.459740607831751913e-02,3.236649008439487218e+00,0
-1.053469075867028648e+00,1.247333194619968388e+00,1
8.692254619494889090e-01,-8.361431804305046178e-01,1
3.410023588044946763e+00,2.226164263956325051e+00,0
-1.933241516143005878e+00,9.737401187348826426e-01,0
-1.016508605692718170e+00,-1.880233848527028129e-01,1
1.569556437532284576e+00,-2.440111518138536439e+00,0
-1.408061794744577266e+00,1.319187743406283309e+00,1
-8.630754886586556873e-01,-2.534332453417098119e+00,1
-8.819181941977222161e-01,-3.872964727955507253e-02,1
3.779929111162026789e+00,-2.363922490457084358e+00,0
3.975173693722967361e+00,3.841666389124100522e+00,0
-1.297506021900054929e+00,1.470974417218526620e+00,1
-3.000339694655103084e+00,3.775303072158004536e+00,0
-1.479843109469462514e-01,2.804828033465119219e+00,0
5.010902791717626314e-01,1.629663556904818789e+00,1
-1.636961601673887712e+00,3.604373060970324172e+00,0
-1.829691010925462047e+00,-1.457194244008267248e+00,1
-9.536253260956295552e-01,-1.774854056457879192e+00,1
1.212177043196094983e+00,-3.055562751078729988e+00,0
-2.673636182803785566e+00,-6.661207856630084745e-01,1
1.158859880182101731e+00,-1.794732915998346612e-01,1
-1.543190691645884627e+00,-1.395376653720663329e+00,1
-1.816587508308123544e+00,9.321054176440560779e-01,1
5.651710610113794830e-01,-4.518325757249198049e-01,1
-1.865872312831639457e+00,-2.331279328202465972e+00,1
1.177721775220061273e+00,3.273180160926370874e+00,0
-1.904501597028417370e+00,3.111811803827671419e+00,0
3.184288780842461808e+00,-2.791857980533347106e-01,0
1.241636906181272648e+00,2.002491603982798907e+00,1
3.446931821687830855e+00,-1.859828589381891384e-01,0
-2.509807409295841563e+00,-1.694331296572370027e+00,1
-2.936953455400927560e+00,-9.948430048408150039e-01,1
-3.417279336716475324e+00,6.460700506061279880e-01,0
2.033538740125654165e+00,3.307326889759394817e+00,0
2.964763208335335243e+00,-4.284314528730003846e-01,0
1.525375231221101746e+00,2.084180932261756602e+00,1
2.425484466298580610e+00,-1.272067453606027909e+00,0
1.756116486927315590e+00,8.442384992465046256e-01,1
-2.020941904362222541e+00,-1.482564944343679469e+00,1
-1.645005804901668256e+00,9.463854684622997615e-01,1
-3.676608923522704853e+00,-1.754740336738833006e+00,0
2.446055047880617117e+00,-2.672177135110803459e+00,0
-1.224120947544154125e+00,-2.591212843774825386e-02,1
-1.393204240223256063e+00,1.075671514225806202e+00,1
-1.261423822968159580e-01,-2.203514830350065790e+00,1
-3.131643336251190846e+00,-3.604970228636767082e+00,0
-2.823873392862516138e-02,-6.109688678363721648e-01,1
-3.834273256541004926e+00,-3.349024979562874815e+00,0
1.172309473678713188e+00,-4.953029450696144753e-02,1
3.977490900573843025e+00,1.678512963972519811e+00,0
2.266151517920914404e+00,-4.340284685402698295e-01,0
-4.167644714305412945e-01,-1.526342957290380387e+00,1
-1.432703734299369591e+00,1.095153457216921700e+00,1
2.079869584339212985e+00,-8.470875471124595935e-01,0
-8.206444571139754895e-01,-3.804217145795675492e+00,0
5.766050107876399267e-01,-2.490692849194411362e+00,0
4.370507989815846650e-01,-1.693415551120575069e+00,1
-3.314266018511349721e+00,3.365696976523795847e+00,0
2.045207439954068285e+00,2.947448965352181816e-01,1
-1.099213447695251533e+00,2.164082423596945137e+00,0
-3.183350478557112506e+00,-1.412489258979069850e+00,0
-3.772399529125106898e+00,-2.523025345370260464e+00,0
-3.032470480161417736e+00,1.253916011923457807e+00,0
3.818417216417457904e+00,6.392377026127518125e-01,0
2.052520155056027473e+00,3.064440889219030240e+00,1
1.763097156727785331e+00,-2.485191273246709187e+00,0
2.165247400693280089e-01,3.661840117637444436e+00,0
-2.887209610678142191e+00,-1.408296611659242803e+00,1
-2.738175627245387656e+00,1.187019803094716330e+00,0
2.480253884508152318e+00,2.280880768490755328e-01,1
1.310413222730490101e+00,-8.509054686710335602e-01,1
-3.460577238028263114e+00,-1.013192252580903396e+00,0
1.582980603637912820e+00,2.620060726390546435e+00,1
2.647684958480504669e+00,4.594583382312832920e-01,1
1.779673161220212407e-01,3.868660121818789488e+00,0
-2.876961590723710049e+00,3.710708822832317733e+00,0
1.150884169217704756e+00,2.019839597585881830e+00,1
1.582877364854892610e+00,1.844033652044443583e+00,1
2.015108853490719110e-01,-6.829418088382939178e-01,1
1.154521203050287381e+00,-7.710646652778155863e-01,1
-1.495569041603642901e+00,-2.583491709740513897e+00,1
3.932628487597854772e+00,2.972932563094951575e-01,0
1.702778304068804260e+00,2.861560306854206426e-02,1
2.986759895095505435e+00,1.188972434506297748e+00,1
1.984316993048765854e+00,-2.637439099459744973e+00,0
7.305255118187977681e-01,7.151934365489553969e-01,1
-3.254220231609267877e+00,1.171415905113672773e+00,0
-4.491892934705896123e-01,-2.152623720049074318e+00,1
1.771707407027615755e+00,1.895192603606459025e+00,1
-1.016953253692735926e+00,3.374586386028119556e+00,0
3.848908607258888726e+00,-2.973480369739002871e+00,0
3.944279197078341515e+00,2.269301775494975359e+00,0
-2.891684105613191225e+00,-1.371913432494931140e+00,1
3.318867849173970264e+00,3.195813139214637832e+00,0
2.876690992844962658e+00,-4.051464816379387601e-01,0
4.787159037140937268e-01,-2.729862084225469943e+00,0
-2.810838847906601767e+00,2.095112074130698332e+00,0
3.448194021597445147e+00,2.312951608155945138e+00,0
-2.359546089229593857e+00,2.121175089883693854e+00,0
-3.604310491984456633e+00,-2.959484280777767484e+00,0
3.522998960207766594e-01,-1.555447988834975259e+00,1
-2.021378468042076104e+00,-1.620772181835564263e+00,1
1.022764806597526555e+00,-1.585807664847676657e+00,1
1.456749493506259485e+00,-3.746823553258438189e+00,0
2.301138842386555527e+00,3.218083118472910620e+00,0
2.793256459128035551e+00,1.443942222552102139e+00,1
-3.671932801205678221e+00,1.739888434699743636e+00,0
2.110674313840386951e+00,1.518633306290066987e+00,1
2.076405260703989342e+00,-1.219100132168300599e+00,0
2.480664445891317682e-01,-8.266604188423209987e-01,1
1.952693478824871320e+00,-9.910244428076053769e-01,0
3.244088004690758975e+00,1.283338437270759025e+00,0
-9.752838544772736151e-01,3.563907131040281673e+00,0
2.527640909679186934e-02,-3.091356969889191841e-01,1
-2.237472138343638228e+00,2.815861729086746479e+00,0
-9.826011005265810061e-01,-2.224049673230897195e+00,1
-4.999568942653063730e-01,-1.942513809097911714e+00,1
2.994384693937466757e+00,2.657351256172640230e+00,0
3.373834610588369198e+00,-1.293741442022768418e+00,0
-3.608176208072763735e+00,2.015929730918426088e+00,0
8.709848683574755723e-01,-9.762334617852690410e-01,1
-1.335453443488065495e-01,-1.717209453249057827e+00,1
1.478045585452406607e+00,3.660837809419420275e+00,0
1.749208580114467226e+00,-3.642271839519012344e-01,1
1.697009165739755465e+00,-2.146085556891252466e+00,0
1.195296189534254205e+00,2.668278735879358710e+00,1
-3.475592293484871309e+00,-2.731453595006256840e+00,0
-9.797705987857597831e-01,-3.694137456139593212e+00,0
-2.320825731464958519e+00,2.541096222025075679e+00,0
-2.090816802562073029e+00,-1.583302128646749130e-01,1
-1.646252918105851171e+00,-1.326134742607845141e+00,1
-3.925629461952547139e+00,3.496271505403567570e+00,0
-2.929404225822919705e-01,-2.456787300138962404e+00,1
2.346328374433436004e+00,-5.784362735932865318e-01,0
4.855608045175692777e-01,1.230082055087255322e+00,1
1.117588178579138614e+00,-3.468247281342268007e+00,0
1.337252694628120020e+00,2.210276971722299422e+00,1
3.839179923572939579e+00,1.173424299193204234e+00,0
1.109073094413309590e+00,-7.881005683178308185e-01,1
-4.962162158698188996e-01,5.728586039981229394e-01,1
-3.568033642654831361e+00,-2.769204817735287261e+00,0
3.878837969236343053e+00,-1.590119737159580771e+00,0
-1.216510984607878765e+00,-2.766285865402798194e+00,1
-3.082180332374446774e+00,-1.986630041651561651e+00,1
1.143248579009476656e-02,3.301317681312528229e+00,0
2.089340330980537619e+00,3.232875078684362080e+00,0
-2.760862894937540446e+00,-2.663745590031374899e+00,1
5.284589074420010801e-01,-1.643069170082651409e+00,1
7.098315334266555032e-01,-3.492796557344050257e+00,0
2.879475341629099905e+00,3.958188669272674876e+00,0
-3.784330571552788847e+00,1.910297162925511882e+00,0
3.999750409033684839e+00,1.664672988130392328e+00,0
-4.321544982738807772e-02,8.102675429806824869e-01,1
-1.043631360246699419e-01,3.132239280358063649e+00,0
-9.545053639638343412e-01,-7.085903958764118160e-01,1
3.467306960390141857e+00,2.354950293140659900e-01,0
-3.618593964637472737e+00,-3.154146620132363577e+00,0
-3.592415237091282521e+00,2.189127047563690573e-02,0
-1.404820474342954317e-01,-8.734364307000043182e-01,1
1.196793664059618623e+00,2.570610247706682117e+00,1
2.269998185488093068e+00,1.518217873711195987e+00,1
1.380802677241148579e+00,2.813992476370752005e+00,1
2.045615765546544118e+00,3.024568720531175092e+00,1
-2.355683636204919384e+00,-2.600531827270701868e+00,1
-1.722068246450685791e+00,-2.675089508923166104e+00,1
-2.168858590180380297e-01,-9.204655949951293104e-02,1
-2.549615662220132251e+00,-2.663076440205653039e+00,1
2.669851502565346202e+00,2.475961117712171422e+00,1
-3.121983460440629798e+00,1.136394735535928069e+00,0
-2.389625143173928823e+00,3.361143408451149561e+00,0
-1.980688817129316881e-01,-2.209471767960745847e+00,1
-2.668477423708149665e+00,-3.723203348826521264e+00,0
2.848172054020899235e+00,2.597586819415307779e+00,1
2.756747449571144148e+00,-2.310757489085846661e+00,0
-3.692643596976853626e+00,1.029508905492345638e+00,0
-1.770382579030160608e+00,-3.433867168682194215e+00,0
-1.845795488314146082e+00,-3.771573209066269250e+00,0
1.004435439678227127e+00,9.956322015313892049e-01,1
1.834075562875295384e+00,-5.676459297375447965e-01,1
1.713801618108605984e+00,-5.450832501396976060e-01,1
1.923852717707735360e+00,1.921969128399585003e+00,1
5.372578918224721889e-01,-1.182073611387326029e+00,1
-1.935528188245188685e+00,3.792419396535530396e+00,0
5.362666909532132209e-01,3.667971724357063645e-01,1
2.766585472127207623e+00,2.992003918350321978e+00,0
3.286081832007753611e+00,-2.263049140621041122e+00,0
-3.039056549395824369e+00,3.502219794294665345e+00,0
-1.508279321957279207e+00,1.817756166599531875e+00,0
-2.945240272724088282e+00,-2.044389559966494296e+00,1
-2.703302804880330257e+00,-1.516469564582499707e+00,1
-1.252950599375665330e+00,1.860095116999142206e+00,0
8.787250336887526547e-01,2.660653066913509779e-01,1
-4.469490910877249590e-01,-1.540588909305458776e+00,1
-7.917415392939076701e-01,-1.758827014567900249e-01,1
6.515852943437974165e-01,1.135190362143891241e+00,1
-6.449086571193773931e-01,-4.225300006138780207e-01,1
2.697033484775624768e+00,-2.463111137713725807e+00,0
2.886506092682826097e+00,-6.386715008995207388e-01,0
3.940619534453731365e+00,2.675768432849885414e+00,0
2.180010965392081612e+00,1.341343154724454534e+00,1
-3.171313520723010870e-01,-1.518569845893839032e+00,1
-1.327363421521970954e+00,-1.267695388582897209e+00,1
2.394688790044142479e+00,1.423677526504751656e+00,1
7.260937382317149691e-01,3.738541477418369396e+00,0
3.005584602222814539e+00,-3.140545844017323951e+00,0
1.328940699743463405e+00,8.168578607973462358e-01,1
-2.491291867390250214e+00,1.185528179232127721e+00,0
-2.905990575514521890e+00,-1.562639108017253697e+00,1
-3.626825892027701226e+00,1.395533296485801378e+00,0
-3.286271304740661314e+00,-1.833327720851794185e+00,0
-3.866920940738809431e+00,-3.072557103405526124e+00,0
1.527510561475658779e+00,-3.330781132077326845e+00,0
-3.924966475696907597e+00,-6.047575859822166278e-01,0
1.997776026636358448e+00,-3.106083491796175267e+00,0
3.211183327001218668e+00,-1.804578716506233249e+00,0
3.551550668812972322e+00,-3.190998543179344171e+00,0
3.421478888783471284e+00,-2.781980287591952816e+00,0
3.727336969892130814e+00,1.991199003250511579e+00,0
1.040566223613095947e-01,2.887060672561868824e+00,0
-1.619147420173109975e+00,1.410507898427350859e-01,1
1.565010680292378886e+00,1.353770068316286546e+00,1
1.698164269027325313e+00,-1.027716143299505364e-01,1
9.848228844770486878e-01,-3.783691175717445621e+00,0
3.895216406888490468e+00,6.352162900439001225e-01,0
3.272540518245595553e+00,-3.532502218018938489e+00,0
-3.210320611577368588e-01,-7.028377911110020859e-01,1
2.952605963281297097e+00,-2.422508190729263156e+00,0
3.870446274549105947e+00,4.459629612870911752e-01,0
-2.868371950905666878e+00,2.267397248539119725e-01,0
-1.795122579229877502e+00,-2.288733386705410044e+00,1
2.610238880460326705e+00,7.337650249743040698e-01,1
-2.290100697139356267e+00,1.393194867979165252e+00,0
3.262586932380172389e+00,3.391768337924810695e+00,0
-3.759494325946651117e+00,2.118156989885059183e+00,0
2.861656939513673503e+00,-3.326259396231960430e+00,0
2.343938064423509993e-01,3.200088073016167822e+00,0
4.451123649029549156e-01,-1.836447899987428078e+00,1
1.101307348597586611e+00,-7.101857449689671919e-02,1
3.442485513785105589e+00,1.863569080876334549e+00,0
7.504257818037041172e-01,-3.134566609244390456e+00,0
1.273348099733967898e+00,-2.740901824723205316e+00,0
-3.228191795573951861e+00,1.886918527409578106e+00,0
-3.171035723451266719e+00,7.612545049759430471e-01,0
2.148018579869543088e-01,-2.262893946495204478e+00,1
-3.071180581352108696e+00,-3.458712906123782016e+00,0
6.465373378799895709e-01,1.575848919931547854e-01,1
-1.727447895733585259e+00,3.750355892941865221e+00,0
1.120636010164691276e+00,4.270062841917365848e-01,1
-9.053109186561152377e-01,3.066929867031920054e+00,0
2.555583744756211306e+00,-1.645027971357476415e-01,0
2.675331767109832448e+00,2.742968003689417511e+00,1
8.997084836759116078e-01,-5.060082183053237204e-01,1
2.197690246643043466e+00,-3.182429201000989138e+00,0
2.298575244952034691e+00,-3.398231706960783249e+00,0
4.365794875368005368e-01,1.812639778863897932e+00,1
3.811228027879350222e+00,-2.762894315263668688e+00,0
-1.068123464107404219e+00,-2.521135940311225010e+00,1
-2.966465143676610072e+00,2.667466249351215790e+00,0
4.520800240180958274e-01,1.113160540684912547e+00,1
-1.257044566589837320e+00,-3.702943003846506986e+00,0
-1.623010982061235286e+00,1.259807163310139533e+00,0
2.364842337399172933e+00,-3.058235513067360412e+00,0
2.059268960468289666e+00,3.934984362778900735e+00,0
2.050338534486024766e+00,1.955998256445309558e+00,1
-8.011625248297192803e-01,2.115192482688550868e+00,0
-4.338470464637265711e-01,-8.413530118644393374e-01,1
-3.680482713539833473e+00,1.961705550375667073e+00,0
7.423983607397416362e-01,-1.379926476064128993e+00,1
-5.044617327411564656e-01,5.253877667326668499e-01,1
-3.971643177537161229e+00,5.632080981599576486e-01,0
1.016249109423653207e+00,2.571208697499304474e+00,1
3.888522664610449375e+00,-3.983687550004370692e+00,0
1.549453078404056106e+00,2.510655978878896022e+00,1
-3.108904104707134852e+00,-3.546940384069436902e+00,0
3.994502032460963026e+00,-3.036719792131484130e+00,0
-3.210382932177304749e+00,5.017737363638657966e-01,0
-3.457835700570456527e+00,-1.721800137837657507e+00,0
2.728253594154237849e+00,2.541362973975147543e+00,1
-3.449329854003149620e+00,2.943184254841273439e-01,0
4.347274720705897599e-01,-1.852884504822037259e+00,1
2.164907543931859912e+00,3.876390887618038850e+00,0
-2.698123173060778424e+00,1.186080523353542304e+00,0
-1.767813180980744914e+00,1.616635217051586526e+00,0
3.958620618346891940e-01,1.150485938148096965e-01,1
7.671423424920225109e-01,-2.168998031670198667e+00,0
1.598218164349638704e+00,1.344205092184992623e+00,1
-5.511648117490948184e-01,-3.072429558091172463e+00,0
-2.335787265188967954e+00,3.877843293949542414e+00,0
1.527234244351400871e+00,7.814431817003811287e-02,1
-3.670156169745940389e+00,3.528965862979843493e+00,0
1.754850087618934906e-01,3.762124318320871907e+00,0
7.772425961355611257e-02,-1.580653919497333249e+00,1
5.911726184267893647e-01,-1.732587851075442220e+00,1
-3.887424318480587893e+00,-1.409138079071084793e+00,0
-3.568762466771441044e+00,1.615300813327886775e+00,0
1.831603836251501027e+00,-5.886453921268370859e-01,1
-1.757511400621893705e+00,-1.813172128321138610e+00,1
3.015356541087892861e+00,-6.541305241350161559e-01,0
-1.146922181637730409e+00,6.143044181469884402e-01,1
-3.050500332217953026e-01,3.958682890990248282e+00,0
-3.792606611803475580e+00,3.892985737829750992e+00,0
1.193920869454799361e+00,3.091577622403438586e+00,0
1.674926498893301918e+00,-3.951238428517876322e+00,0
2.960703995802494326e+00,-3.841841919835711661e+00,0
3.377673273811195864e-01,-2.420080500947709504e-02,1
2.173738276177887840e+00,-1.868182187425261320e+00,0
2.162540845990101435e+00,5.001422106605665219e-01,1
3.148692976615924621e+00,2.073597457499714303e-01,0
-1.246915661954861143e+00,-3.337232845943438608e+00,0
-3.654030618297275712e+00,1.821509603330455418e+00,0
-3.033544599563720467e+00,-2.890791795713603674e-01,0
8.713096814519013522e-01,-3.793922216802294578e+00,0
-3.611158983518250487e+00,1.677090693391604992e+00,0
-2.478036991112487097e+00,3.767933560770064361e+00,0
-1.078388468651855225e+00,-2.694717441934619373e+00,1
-3.111364913674842247e-01,-3.624132918017413663e-01,1
2.823785001220703306e-01,-1.810660656376660738e+00,1
3.547001473624983081e+00,-1.708437406239887713e+00,0
-2.758681515157777486e+00,1.598306343814711594e+00,0
9.928574840284097869e-01,-2.997322395996703026e+00,0
7.204636432563947812e-01,1.224009748804564035e+00,1
1.026805402133112999e+00,3.471580581240583996e+00,0
-3.668108364706057944e+00,3.266051343706389165e+00,0
3.514330322868413514e+00,2.386962121062800701e+00,0
2.314071646553473582e-01,-3.101205341053741016e+00,0
2.793864040682351835e+00,-3.738766312645640522e+00,0
-2.171987316059325046e+00,2.504796459217763172e+00,0
-3.478206866364765393e+00,9.970607774252189248e-01,0
5.377914630568144533e-02,2.363109777355754115e+00,1
2.599228653017143120e+00,-2.328153246784288477e+00,0
-3.986601364590900420e-01,-9.992689337647758796e-01,1
-1.641972325748236372e+00,3.436834959660763467e+00,0
-3.526873645776868571e+00,-3.375048783282265763e+00,0
-8.303422981159494509e-02,-1.809767666058683111e-01,1
1.466214959331041623e+00,-3.439472895397013286e+00,0
-3.255904966951690960e-01,2.736575545051144753e-01,1
-3.408560131661707349e+00,-3.955694094601967414e+00,0
-3.728093455349894558e+00,-6.890625153160472305e-01,0
-2.889894521129990235e+00,2.831591746909161600e+00,0
2.858895956722904863e+00,2.430890507103395048e+00,1
-1.387705245277322252e-01,5.705896894856945512e-01,1
8.797901990716754106e-02,-6.365369404616144644e-01,1
-3.940541685133142735e+00,-9.625848858754031401e-01,0
-1.621471382080123647e+00,2.405107555472219438e+00,0
3.601768643118428148e+00,2.009704152090554530e-01,0
-1.542475641936366326e+00,3.780020222714538303e+00,0
3.744816877441927261e+00,-4.366855596620226598e-01,0
3.537316218058355055e+00,3.515586622108020087e+00,0
-4.729852868304046942e-01,1.639552205154067632e+00,1
-2.471447449893059535e-04,3.749338130779962697e+00,0
-1.539795794685759001e+00,-2.921321140786379278e+00,1
5.121248474683494090e-01,3.287303539139947883e+00,0
-3.461217405911145573e+00,-1.641334534845500626e+00,0
9.749334128974146418e-01,-2.700944539605605765e+00,0
1.417700108287659466e+00,-1.990760728611318697e+00,0
-7.381155927751432699e-01,-3.295406067383145565e+00,0
-2.943076175919343118e+00,2.178934986975843202e+00,0
-8.762341667775527254e-01,2.577930686533667526e+00,0
2.126438578446037120e+00,3.808810504590133039e+00,0
2.995236366353694279e+00,-3.134638607309999436e+00,0
9.180077943089740566e-01,3.835424103948207097e+00,0
1.732205171088380402e-01,8.476179248774956543e-02,1
-1.255657901699072543e+00,-1.671067176141441513e+00,1
1.164422148531933709e+00,-3.199840755110362256e+00,0
-2.404058266197921956e+00,-3.047374798754216574e+00,1
3.289865651587447370e+00,2.591410994780515509e+00,0
3.895300792376901633e+00,1.268669046550485513e+00,0
2.203472945019916196e+00,2.208947238960333959e+00,1
-1.165672885289911864e+00,7.859545029140958539e-01,1
3.345507605398775119e+00,3.930302337641084609e+00,0
-2.605820301978160280e+00,2.319095863480606035e+00,0
-1.996643527299873044e+00,-2.233676400512188298e+00,1
-2.799563226925975812e+00,3.815442206635535349e+00,0
1.775885114542107068e+00,-3.147325396605608727e+00,0
